geographic_identifier,year,species,measurement_value
5130018,2007,BFT,199.898
5130019,2007,BFT,425.584
5130036,2022,BFT,67.08
5131016,2007,BFT,323.971
5131016,2008,BFT,44.56981
5131017,2007,BFT,347.10900000000004
5131017,2008,BFT,15.05431
5131018,2007,BFT,394.196
5131018,2008,BFT,5.37129
5131029,2004,BFT,94.0
5131029,2008,BFT,127.0
5131033,2007,BFT,383.8
5131033,2009,BFT,66.0
5131033,2012,BFT,106.16493
5132014,2007,BFT,245.05599999999998
5132014,2008,BFT,929.65391
5132014,2016,BFT,83.78568
5132015,2007,BFT,577.235
5132015,2008,BFT,32.57433
5132015,2012,BFT,145.076
5132016,2007,BFT,174.654
5132017,2007,BFT,276.0
5132020,2007,BFT,150.0
5132031,2012,BFT,258.99994
5132033,2009,BFT,28.0
5132033,2021,BFT,326.7
5133012,2007,BFT,20.903
5133012,2008,BFT,130.965
5133013,2007,BFT,358.83700000000005
5133013,2008,BFT,9.379
5133013,2009,BFT,476.6
5133013,2011,BFT,55.003
5133013,2012,BFT,121.56
5133013,2013,BFT,273.284
5133014,2007,BFT,1260.208
5133014,2008,BFT,332.60019
5133014,2011,BFT,35.0
5133014,2012,BFT,319.90999999999997
5133014,2013,BFT,58.14
5133014,2015,BFT,269.39805
5133014,2016,BFT,230.88644
5133015,2007,BFT,7.157
5134010,2009,BFT,0.242
5134011,2007,BFT,72.0
5134011,2021,BFT,85.0
5134012,2007,BFT,98.945
5134012,2009,BFT,78.854
5134012,2012,BFT,321.67
5134012,2021,BFT,456.578
5134012,2023,BFT,195.65318
5134013,2005,BFT,1382.741
5134013,2007,BFT,111.718
5134013,2008,BFT,314.96679
5134013,2009,BFT,99.15
5134013,2010,BFT,390.78526
5134013,2011,BFT,667.704
5134013,2012,BFT,515.3199999999999
5134013,2013,BFT,166.41
5134013,2016,BFT,1583.86002
5134013,2017,BFT,725.09323
5134013,2018,BFT,427.876
5134013,2019,BFT,1513.23508
5134013,2020,BFT,1979.489
5134013,2021,BFT,1007.659
5134013,2022,BFT,533.696
5134013,2023,BFT,1301.6954700000001
5134014,2007,BFT,78.394
5134014,2008,BFT,664.39446
5134014,2009,BFT,440.573
5134014,2010,BFT,676.45742
5134014,2011,BFT,23.62
5134014,2013,BFT,300.0
5134014,2014,BFT,348.25
5134014,2016,BFT,689.86797
5134014,2017,BFT,231.9768
5134014,2018,BFT,556.4
5134014,2020,BFT,95.75055
5134014,2021,BFT,491.2
5134015,2009,BFT,152.0
5134015,2018,BFT,576.104
5134015,2019,BFT,416.07304
5134019,2007,BFT,0.85
5134033,2007,BFT,26.41
5134033,2008,BFT,160.0
5135000,2013,BFT,243.83
5135000,2020,BFT,1648.68
5135011,2005,BFT,145.0
5135011,2007,BFT,4.0
5135011,2009,BFT,254.665
5135011,2010,BFT,58.72
5135011,2020,BFT,54.96
5135011,2022,BFT,799.984
5135011,2024,BFT,330.0
5135012,2005,BFT,217.5
5135012,2007,BFT,99.0
5135012,2008,BFT,779.962
5135012,2009,BFT,141.6
5135012,2010,BFT,24.99
5135012,2011,BFT,70.2
5135012,2020,BFT,552.91889
5135012,2021,BFT,241.78
5135012,2022,BFT,1649.69
5135012,2024,BFT,849.834
5135013,2005,BFT,158.5
5135013,2007,BFT,12.696
5135013,2008,BFT,64.6
5135013,2009,BFT,267.863
5135013,2010,BFT,18.0
5135013,2012,BFT,64.91
5135013,2013,BFT,1326.84
5135013,2014,BFT,67.5
5135013,2015,BFT,175.90178
5135013,2016,BFT,484.90791
5135013,2017,BFT,1188.72091
5135013,2018,BFT,630.033
5135013,2019,BFT,771.5547799999999
5135013,2020,BFT,70.7814
5135013,2021,BFT,615.0
5135013,2022,BFT,1159.42995
5135013,2023,BFT,565.836
5135013,2024,BFT,755.4
5135014,2007,BFT,160.0
5135014,2008,BFT,14.69975
5135014,2009,BFT,31.121000000000002
5135014,2010,BFT,30.0
5135014,2013,BFT,675.137
5135014,2014,BFT,371.804
5135014,2016,BFT,258.68384000000003
5135014,2017,BFT,353.19068
5135014,2018,BFT,749.557
5135014,2019,BFT,760.22135
5135014,2020,BFT,1510.37608
5135014,2021,BFT,52.0
5135014,2023,BFT,296.44
5135014,2024,BFT,60.945
5135015,2018,BFT,59.358
5135015,2019,BFT,175.92977
5135015,2020,BFT,280.0
5135025,2023,BFT,0.031
5135027,2017,BFT,1.575
5135029,2022,BFT,0.829
5135030,2023,BFT,3270.665
5135033,2014,BFT,204.95374
5135033,2015,BFT,445.873
5135034,2014,BFT,339.42902
5135034,2015,BFT,645.11
5135034,2016,BFT,85.0
5135034,2017,BFT,1507.25223
5135034,2018,BFT,1338.3899999999999
5135034,2019,BFT,1760.9815800000001
5135034,2020,BFT,2251.973
5135034,2021,BFT,2256.95037
5135034,2022,BFT,2290.14617
5135034,2024,BFT,3186.931
5135035,2007,BFT,4.75
5135035,2013,BFT,169.981
5135035,2016,BFT,99.3348
5135035,2019,BFT,71.973
5135035,2020,BFT,0.12208
5136002,2024,BFT,2011.34943
5136010,2009,BFT,0.845
5136011,2005,BFT,120.0
5136011,2007,BFT,64.055
5136011,2008,BFT,282.536
5136011,2009,BFT,329.679
5136011,2010,BFT,453.67
5136011,2021,BFT,279.0
5136011,2024,BFT,109.813
5136012,2005,BFT,478.959
5136012,2008,BFT,637.25
5136012,2009,BFT,200.3
5136012,2010,BFT,108.58
5136012,2020,BFT,14.96
5136012,2021,BFT,178.68
5136012,2022,BFT,418.324
5136012,2023,BFT,966.40938
5136012,2024,BFT,701.626
5136013,2007,BFT,100.0
5136013,2008,BFT,280.0
5136013,2020,BFT,44.82
5136013,2023,BFT,63.688
5136013,2024,BFT,696.9549999999999
5136014,2007,BFT,241.0
5136014,2012,BFT,46.5
5136015,1977,BFT,15.0
5136015,2008,BFT,120.0
5136027,2019,BFT,0.06
5136028,2008,BFT,0.057
5136028,2010,BFT,1.576
5136030,2022,BFT,79.2
5136031,2012,BFT,129.9
5136031,2013,BFT,99.94
5136031,2016,BFT,13.091
5136032,2016,BFT,161.9
5136032,2020,BFT,79.2
5136033,2008,BFT,107.0
5136033,2009,BFT,4.02
5136033,2010,BFT,38.824999999999996
5136033,2011,BFT,234.955
5136033,2012,BFT,8.046
5136033,2015,BFT,248.56
5136034,2007,BFT,887.519
5136034,2008,BFT,388.25
5136034,2009,BFT,123.745
5136034,2010,BFT,370.672
5136034,2011,BFT,292.941
5136034,2012,BFT,506.592
5136034,2013,BFT,306.42577
5136034,2016,BFT,47.393
5136035,2008,BFT,381.88
5136035,2009,BFT,537.7
5136035,2012,BFT,16.92
5136035,2013,BFT,238.72741
5136035,2017,BFT,56.906
5137000,1997,BFT,1172.2
5137000,2008,BFT,3.20278
5137000,2012,BFT,16.37209
5137000,2017,BFT,350.214
5137001,2007,BFT,11.784
5137001,2011,BFT,1.59855
5137001,2019,BFT,1437.0
5137002,2007,BFT,6.554
5137003,2007,BFT,13.414
5137003,2011,BFT,36.24479
5137004,2011,BFT,79.1442
5137005,2011,BFT,8.42944
5137007,2011,BFT,3.62378
5137010,2009,BFT,45.632
5137011,2009,BFT,0.87
5137012,2007,BFT,10.0
5137012,2009,BFT,0.12
5137015,1977,BFT,365.0
5137027,2021,BFT,0.413
5137027,2024,BFT,0.03
5138000,1994,BFT,393.0
5138000,1995,BFT,194.2
5138000,1996,BFT,397.29999999999995
5138000,2007,BFT,31.152
5138000,2008,BFT,123.7264
5138000,2009,BFT,10.0
5138000,2010,BFT,337.17614000000003
5138000,2012,BFT,461.45896
5138000,2013,BFT,246.377
5138000,2014,BFT,128.504
5138000,2016,BFT,902.635
5138000,2017,BFT,1808.132
5138000,2018,BFT,2883.9970000000003
5138000,2019,BFT,1084.58897
5138000,2020,BFT,406.15874
5138000,2021,BFT,246.63935
5138000,2022,BFT,2426.94473
5138000,2023,BFT,5506.20139
5138000,2024,BFT,1809.3896200000001
5138001,1994,BFT,24.0
5138001,1995,BFT,46.2
5138001,1996,BFT,236.6
5138001,2007,BFT,341.676
5138001,2008,BFT,118.39982
5138001,2009,BFT,333.3
5138001,2010,BFT,373.9538
5138001,2011,BFT,3.97233
5138001,2013,BFT,623.0260000000001
5138001,2014,BFT,1007.23
5138001,2016,BFT,1144.035
5138001,2017,BFT,394.247
5138001,2018,BFT,319.226
5138001,2019,BFT,1071.19722
5138001,2021,BFT,470.0
5138001,2022,BFT,260.7574
5138001,2023,BFT,652.53639
5138001,2024,BFT,1789.0535
5138002,1994,BFT,29.0
5138002,1996,BFT,46.9
5138002,2007,BFT,1150.189
5138002,2009,BFT,172.6
5138002,2010,BFT,0.86141
5138002,2012,BFT,1.7424499999999998
5138003,2009,BFT,111.235
5138003,2011,BFT,70.89905
5138003,2023,BFT,8.98578
5138004,2011,BFT,132.96001
5138005,2011,BFT,5.883380000000001
5138006,2011,BFT,2.90563
5138009,2007,BFT,50.129
5138010,2014,BFT,20.285
5138011,1995,BFT,401.7
5138011,2010,BFT,1.05328
5138014,2000,BFT,6.8439
5138015,1977,BFT,519.0
5138015,2007,BFT,30.788
5138026,2009,BFT,0.23299999999999998
5138026,2011,BFT,1.683
5138026,2012,BFT,115.5
5138026,2015,BFT,455.59
5138027,2024,BFT,5.601
5138028,2013,BFT,157.29
5139000,1994,BFT,95.0
5139000,1995,BFT,128.20000000000002
5139000,1996,BFT,177.0
5139000,2008,BFT,12.54557
5139000,2009,BFT,72.0
5139000,2017,BFT,23.466
5139000,2019,BFT,87.40078
5139000,2020,BFT,814.20814
5139000,2021,BFT,317.10282
5139000,2023,BFT,1328.80832
5139000,2024,BFT,1143.48448
5139001,1994,BFT,281.0
5139001,1995,BFT,274.6
5139001,1996,BFT,152.2
5139001,2007,BFT,24.263
5139001,2008,BFT,25.40343
5139001,2009,BFT,386.69835
5139001,2010,BFT,66.49391
5139001,2019,BFT,869.52721
5139001,2020,BFT,1536.81565
5139001,2021,BFT,2783.045
5139001,2023,BFT,183.46332
5139001,2024,BFT,301.52345
5139002,1994,BFT,117.0
5139002,1995,BFT,430.9
5139002,1996,BFT,6.0
5139002,2007,BFT,203.473
5139002,2009,BFT,95.0
5139002,2010,BFT,13.4226
5139002,2021,BFT,197.0
5139002,2022,BFT,2632.06427
5139002,2024,BFT,1487.3950799999998
5139003,2007,BFT,70.235
5139014,1995,BFT,845.1
5139014,2007,BFT,40.0
5139015,1977,BFT,3960.0
5139015,2007,BFT,9.211
5139015,2009,BFT,633.017
5139015,2011,BFT,17.541
5139015,2014,BFT,33.55
5139015,2015,BFT,39.6
5139015,2017,BFT,56.91
5139015,2018,BFT,100.0
5139015,2019,BFT,156.0
5139015,2020,BFT,167.16962
5139015,2021,BFT,147.64597
5139015,2022,BFT,168.34227
5139015,2023,BFT,263.86922
5139015,2024,BFT,262.9469
5139026,2008,BFT,0.377
5139026,2009,BFT,0.631
5139026,2024,BFT,0.14600000000000002
5140000,1994,BFT,6.0
5140001,1994,BFT,167.0
5140001,1995,BFT,253.6
5140001,2024,BFT,274.40735
5140002,1994,BFT,242.0
5140002,1995,BFT,589.2
5140002,1996,BFT,22.1
5140002,2007,BFT,404.389
5140003,2007,BFT,2.446
5140003,2020,BFT,0.092
5140010,2024,BFT,0.5165
5140012,1990,BFT,1.0
5140012,1992,BFT,0.7
5140012,1994,BFT,0.6000000000000001
5140012,2000,BFT,3.939
5140013,2009,BFT,1.75
5140015,1990,BFT,1.3
5140015,1991,BFT,3.4
5140015,1992,BFT,6.9
5140015,1993,BFT,2.6
5140015,1994,BFT,1.2
5140015,2016,BFT,436.06854
5140015,2017,BFT,586.6341199999999
5140015,2018,BFT,678.7002600000001
5140015,2019,BFT,746.80484
5140015,2020,BFT,824.4017200000001
5140015,2021,BFT,814.18706
5140015,2022,BFT,698.12613
5140015,2023,BFT,874.93577
5140015,2024,BFT,831.41246
5140018,2009,BFT,19.886
5140025,2021,BFT,4.562
5140026,2012,BFT,3.607
5140026,2024,BFT,0.315
5141001,1994,BFT,10.0
5141002,1994,BFT,184.0
5141002,1995,BFT,473.0
5141002,1996,BFT,34.2
5141002,2022,BFT,1691.78309
5141003,1994,BFT,57.0
5141003,1995,BFT,396.2
5141003,1996,BFT,77.4
5141003,2007,BFT,43.183
5141003,2023,BFT,0.023
5141004,1994,BFT,106.0
5141004,1996,BFT,4.0
5141008,2019,BFT,0.48
5141008,2020,BFT,0.352
5141008,2021,BFT,1.449
5141008,2022,BFT,0.28700000000000003
5141008,2023,BFT,0.477
5141008,2024,BFT,0.32299999999999995
5141009,2024,BFT,0.41300000000000003
5141010,2024,BFT,0.723
5141012,1995,BFT,12.5
5142003,1994,BFT,19.0
5142003,1995,BFT,109.7
5142003,1996,BFT,250.0
5142003,2007,BFT,78.833
5142003,2008,BFT,41.0993
5142003,2009,BFT,1.5953
5142003,2017,BFT,1.28
5142003,2018,BFT,2.309
5142003,2019,BFT,5.88388
5142003,2020,BFT,11.56822
5142003,2021,BFT,7.6578
5142003,2022,BFT,6.0708
5142003,2023,BFT,11.6907
5142003,2024,BFT,8.731
5142004,1996,BFT,95.69999999999999
5142004,2007,BFT,3.564
5142004,2017,BFT,0.084
5142004,2020,BFT,0.503
5142004,2021,BFT,0.067
5142004,2024,BFT,0.9450000000000001
5142005,2007,BFT,4.55
5142005,2016,BFT,1.012
5142005,2018,BFT,0.524
5142005,2019,BFT,1.7443499999999998
5142005,2020,BFT,1.0204
5142005,2021,BFT,0.05
5142005,2022,BFT,1.0159
5142005,2023,BFT,0.85375
5142005,2024,BFT,0.211
5142006,2018,BFT,0.276
5142006,2019,BFT,2.7465
5142006,2020,BFT,1.9746000000000001
5142006,2021,BFT,1.769
5142006,2022,BFT,0.718
5142006,2023,BFT,0.035
5142006,2024,BFT,0.3432
5142008,2020,BFT,0.345
5142008,2024,BFT,0.395
5142009,2016,BFT,0.388
5142009,2017,BFT,0.524
5142009,2018,BFT,0.638
5142009,2019,BFT,1.1458
5142009,2020,BFT,2.4846
5142009,2021,BFT,1.5450000000000002
5142009,2022,BFT,3.224
5142009,2023,BFT,3.8360000000000003
5142009,2024,BFT,6.1322
5142010,2023,BFT,0.065
5142012,2011,BFT,0.06711
5142014,1977,BFT,362.0
5142014,2009,BFT,32.979
5143003,1996,BFT,42.3
5143003,2007,BFT,116.918
5143003,2009,BFT,0.152
5143003,2011,BFT,77.20311
5143003,2016,BFT,8.681999999999999
5143003,2017,BFT,7.058
5143003,2018,BFT,4.053
5143003,2019,BFT,5.0725
5143003,2020,BFT,13.039399999999999
5143003,2021,BFT,16.4014
5143003,2022,BFT,27.80055
5143003,2023,BFT,29.61258
5143003,2024,BFT,26.906399999999998
5143004,1975,BFT,271.0
5143004,1976,BFT,881.9
5143004,1996,BFT,7.8
5143004,2007,BFT,18.358
5143004,2011,BFT,0.14022
5143004,2012,BFT,0.25563
5143004,2016,BFT,26.063
5143004,2017,BFT,8.354000000000001
5143004,2018,BFT,12.326
5143004,2019,BFT,45.594
5143004,2020,BFT,51.503949999999996
5143004,2021,BFT,40.0177
5143004,2022,BFT,41.6359
5143004,2023,BFT,58.6824
5143004,2024,BFT,54.35325
5143005,2011,BFT,187.72333
5143005,2016,BFT,0.145
5143005,2017,BFT,0.836
5143005,2018,BFT,1.508
5143005,2019,BFT,4.993499999999999
5143005,2020,BFT,10.2534
5143005,2021,BFT,5.6713
5143005,2022,BFT,2.2475
5143005,2023,BFT,3.3262
5143005,2024,BFT,2.8424
5143006,2016,BFT,0.5
5143006,2017,BFT,0.079
5143006,2018,BFT,0.309
5143006,2019,BFT,0.5765
5143006,2020,BFT,1.6335
5143006,2021,BFT,0.1173
5143006,2022,BFT,0.8480000000000001
5143006,2023,BFT,1.5843
5143006,2024,BFT,3.3151
5143007,1975,BFT,275.3
5143007,1976,BFT,610.7
5143007,2019,BFT,3.40717
5143007,2020,BFT,7.1768
5143007,2021,BFT,5.9268
5143007,2022,BFT,3.3021000000000003
5143007,2023,BFT,6.5653999999999995
5143007,2024,BFT,7.6395
5143008,2020,BFT,0.061
5143009,1977,BFT,291.0
5143009,2016,BFT,0.571
5143009,2019,BFT,0.645
5143009,2020,BFT,1.0710000000000002
5143009,2022,BFT,0.8009999999999999
5143009,2023,BFT,0.723
5143009,2024,BFT,1.1125
5143010,1990,BFT,0.9
5143010,2011,BFT,69.44073
5143014,2011,BFT,0.15024
5143015,1995,BFT,1071.7
5144013,2009,BFT,0.6880000000000001
5159004,2017,BFT,12.221
5159004,2020,BFT,0.997
5160004,1983,BFT,0.8
5160004,2017,BFT,17.313000000000002
5160004,2019,BFT,1.586
5160004,2020,BFT,4.6450000000000005
5160004,2021,BFT,0.312
5161003,2020,BFT,1.196
5161003,2021,BFT,0.229
5161003,2024,BFT,7.696
5161004,2019,BFT,24.049
5161004,2020,BFT,126.85
5161004,2021,BFT,5.496
5161004,2022,BFT,27.0
5161004,2023,BFT,39.282000000000004
5161004,2024,BFT,96.101
5162003,2021,BFT,26.024
5162003,2022,BFT,8.25
5162004,2021,BFT,103.366
5162004,2022,BFT,52.115
5162004,2023,BFT,46.59
5162005,2017,BFT,16.906
5162005,2020,BFT,0.219
5162005,2021,BFT,0.833
5162005,2022,BFT,4.75
5162006,2016,BFT,39.64
5162006,2020,BFT,55.565
5162006,2021,BFT,6.766
5162006,2023,BFT,14.251
5163007,2018,BFT,10.508
5163007,2019,BFT,16.403
5163008,2019,BFT,3.233
5164009,2019,BFT,2.26
5231128,1989,SBF,11.1
5231129,1988,SBF,616.9
5231129,1989,SBF,309.0
5231129,1990,SBF,348.0
5231130,1988,SBF,29.2
5231130,1989,SBF,130.4
5231130,1990,SBF,253.0
5231131,1979,SBF,8.0
5231131,1983,SBF,20.5
5232017,2020,SBF,0.069
5232127,1984,SBF,15.5
5232127,1990,SBF,12.0
5232128,1983,SBF,48.0
5232128,1984,SBF,4.0
5232128,1988,SBF,116.8
5232128,1989,SBF,99.4
5232128,1990,SBF,414.9
5232129,1978,SBF,24.0
5232129,1982,SBF,353.5
5232129,1983,SBF,171.29999999999998
5232129,1984,SBF,276.2
5232129,1985,SBF,134.0
5232129,1988,SBF,267.9
5232130,1978,SBF,34.0
5232130,1980,SBF,5.5
5232130,1982,SBF,1034.3
5232130,1983,SBF,1273.8
5232130,1984,SBF,1233.1
5232130,1985,SBF,236.1
5232130,1986,SBF,356.0
5232130,1987,SBF,800.0
5232130,1988,SBF,807.3
5232130,1997,SBF,183.319
5232130,1998,SBF,78.4
5232131,1977,SBF,223.7
5232131,1978,SBF,218.3
5232131,1979,SBF,21.4
5232131,1982,SBF,1225.0
5232131,1983,SBF,461.2
5232131,1984,SBF,236.1
5232131,1986,SBF,584.2
5232131,1987,SBF,574.2
5232131,1988,SBF,145.4
5232131,1989,SBF,56.0
5232131,1990,SBF,166.6
5232131,1996,SBF,700.547
5232131,1997,SBF,85.476
5232131,1999,SBF,125.0
5232131,2006,SBF,27.0
5232132,1976,SBF,167.5
5232132,1977,SBF,548.1
5232132,1978,SBF,843.5999999999999
5232132,1979,SBF,281.7
5232132,1980,SBF,495.8
5232132,1981,SBF,511.3
5232132,1982,SBF,1028.5
5232132,1983,SBF,94.6
5232132,1984,SBF,217.5
5232132,1985,SBF,96.2
5232132,1986,SBF,854.2
5232132,1987,SBF,319.0
5232132,1988,SBF,887.9
5232132,1989,SBF,639.4
5232132,1990,SBF,731.7
5232132,1991,SBF,255.0
5232132,1992,SBF,198.5
5232132,1993,SBF,88.6
5232132,1994,SBF,40.5
5232132,1995,SBF,449.549
5232132,1996,SBF,471.324
5232132,1997,SBF,152.202
5232133,1977,SBF,178.2
5232133,1978,SBF,256.0
5232133,1979,SBF,32.4
5232133,1980,SBF,278.40000000000003
5232133,1981,SBF,144.6
5232133,1982,SBF,169.0
5232133,1983,SBF,44.7
5232133,1984,SBF,6.2
5232133,1986,SBF,107.5
5232133,1987,SBF,209.0
5232133,1988,SBF,119.0
5232133,1989,SBF,404.8
5232133,1991,SBF,151.0
5232133,1993,SBF,87.8
5232133,1994,SBF,244.356
5232133,1995,SBF,70.8
5232133,1996,SBF,2.2
5232134,1980,SBF,5.0
5232134,1981,SBF,0.3
5232134,1982,SBF,10.0
5233016,2020,SBF,0.3105
5233017,2016,SBF,0.0667
5233017,2019,SBF,1.005
5233017,2020,SBF,0.9498999999999999
5233017,2021,SBF,0.35075
5233017,2022,SBF,0.1564
5233114,1983,SBF,0.2
5233115,1983,SBF,31.7
5233123,1983,SBF,25.7
5233124,1983,SBF,173.4
5233124,1984,SBF,31.7
5233124,1986,SBF,15.5
5233124,1987,SBF,26.9
5233125,1984,SBF,11.7
5233125,1985,SBF,12.2
5233125,1987,SBF,6.1
5233125,1988,SBF,5.1
5233126,1984,SBF,42.800000000000004
5233126,1985,SBF,722.9
5233126,1986,SBF,313.0
5233126,1987,SBF,616.7
5233126,1988,SBF,26.7
5233127,1983,SBF,1205.3
5233127,1984,SBF,1443.2
5233127,1985,SBF,1582.3
5233127,1986,SBF,867.5
5233127,1987,SBF,1202.1
5233127,1988,SBF,39.8
5233128,1983,SBF,1934.4
5233128,1984,SBF,3374.0
5233128,1985,SBF,2521.9
5233128,1986,SBF,2412.0
5233128,1987,SBF,2840.0
5233128,1988,SBF,116.19999999999999
5233129,1982,SBF,137.8
5233129,1983,SBF,1795.5
5233129,1984,SBF,470.5
5233129,1985,SBF,953.0
5233129,1986,SBF,1938.3
5233129,1987,SBF,358.0
5233129,1988,SBF,186.5
5233129,2007,SBF,160.2
5233130,1981,SBF,280.5
5233130,1982,SBF,1342.6
5233130,1983,SBF,2362.5
5233130,1984,SBF,342.3
5233130,1985,SBF,769.0
5233130,1986,SBF,482.3
5233130,1987,SBF,23.0
5233130,1988,SBF,89.5
5233130,1989,SBF,18.0
5233130,1993,SBF,99.0
5233130,1997,SBF,47.018
5233130,1998,SBF,473.1
5233130,2005,SBF,447.0
5233130,2007,SBF,166.3
5233131,1982,SBF,265.6
5233131,1983,SBF,735.1
5233131,1984,SBF,293.6
5233131,1985,SBF,502.7
5233131,1986,SBF,46.0
5233131,1988,SBF,22.1
5233131,1989,SBF,10.0
5233131,1990,SBF,25.0
5233131,1991,SBF,94.0
5233131,1992,SBF,379.5
5233131,1993,SBF,39.0
5233131,1994,SBF,338.0
5233131,1995,SBF,1242.8
5233131,1996,SBF,921.372
5233131,1997,SBF,1067.095
5233131,1998,SBF,2128.9
5233131,1999,SBF,2787.0
5233131,2000,SBF,265.0
5233131,2002,SBF,1743.0
5233131,2003,SBF,1467.0
5233131,2004,SBF,1758.3
5233131,2005,SBF,1666.75
5233131,2006,SBF,1754.1
5233131,2007,SBF,1345.3
5233131,2008,SBF,1049.0
5233131,2009,SBF,144.6
5233131,2010,SBF,410.5
5233132,1977,SBF,98.0
5233132,1978,SBF,40.0
5233132,1979,SBF,1.0
5233132,1982,SBF,213.8
5233132,1983,SBF,162.7
5233132,1984,SBF,20.0
5233132,1985,SBF,68.8
5233132,1986,SBF,123.5
5233132,1992,SBF,207.7
5233132,1994,SBF,148.4
5233132,1995,SBF,293.5
5233132,1996,SBF,646.0
5233132,1997,SBF,2380.781
5233132,1998,SBF,1218.3
5233132,1999,SBF,1064.0
5233132,2000,SBF,4466.2
5233132,2001,SBF,4319.0
5233132,2002,SBF,2611.5
5233132,2003,SBF,2953.35
5233132,2004,SBF,2741.282
5233132,2005,SBF,2367.55
5233132,2006,SBF,3118.1499999999996
5233132,2007,SBF,2719.12
5233132,2008,SBF,3186.75
5233132,2009,SBF,2943.3500000000004
5233132,2010,SBF,2011.5
5233132,2011,SBF,2079.05
5233132,2012,SBF,264.7
5233133,1977,SBF,138.0
5233133,1978,SBF,12.0
5233133,1980,SBF,49.0
5233133,1981,SBF,138.6
5233133,1982,SBF,214.7
5233133,1986,SBF,205.5
5233133,1989,SBF,7.5
5233133,1990,SBF,33.1
5233134,1976,SBF,35.6
5233134,1977,SBF,66.5
5233134,1978,SBF,14.5
5233134,1979,SBF,94.0
5233134,1980,SBF,262.3
5233134,1981,SBF,13.0
5233134,1982,SBF,54.0
5233134,1984,SBF,12.2
5233134,1986,SBF,116.8
5233134,1987,SBF,38.0
5233134,1989,SBF,7.5
5233134,1990,SBF,56.6
5233134,1991,SBF,41.5
5233134,1994,SBF,9.488
5234017,2016,SBF,0.092
5234017,2018,SBF,1.9600000000000002
5234017,2019,SBF,0.375
5234017,2020,SBF,0.368
5234017,2021,SBF,0.276
5234017,2022,SBF,0.4163
5234017,2024,SBF,0.069
5234018,2016,SBF,2.1826999999999996
5234018,2018,SBF,0.28
5234018,2020,SBF,0.2921
5234018,2021,SBF,0.75325
5234018,2022,SBF,0.21045
5234114,1983,SBF,6.699999999999999
5234118,1982,SBF,61.1
5234118,1983,SBF,2.5
5234118,1984,SBF,56.800000000000004
5234118,1985,SBF,1.6
5234119,1982,SBF,91.89999999999999
5234119,1983,SBF,595.2
5234119,1984,SBF,363.7
5234119,1985,SBF,183.1
5234119,1986,SBF,68.5
5234119,1987,SBF,93.8
5234119,1988,SBF,81.3
5234119,1990,SBF,2.4000000000000004
5234120,1982,SBF,27.2
5234120,1983,SBF,826.5
5234120,1984,SBF,941.2
5234120,1985,SBF,374.2
5234120,1986,SBF,21.400000000000002
5234120,1987,SBF,93.2
5234120,1988,SBF,46.2
5234120,1989,SBF,50.8
5234120,1990,SBF,46.7
5234121,1982,SBF,9.7
5234121,1983,SBF,511.2
5234121,1984,SBF,376.2
5234121,1985,SBF,76.80000000000001
5234121,1987,SBF,3.0
5234122,1982,SBF,7.5
5234122,1983,SBF,196.1
5234122,1984,SBF,201.9
5234122,1985,SBF,7.3
5234122,1986,SBF,137.3
5234122,1987,SBF,5.8
5234122,1988,SBF,2.4
5234123,1982,SBF,33.4
5234123,1983,SBF,861.3000000000001
5234123,1984,SBF,661.3
5234123,1985,SBF,267.2
5234123,1986,SBF,276.5
5234123,1987,SBF,61.900000000000006
5234123,1988,SBF,38.5
5234124,1984,SBF,49.1
5234128,1988,SBF,3.0
5234131,1981,SBF,25.0
5234132,1980,SBF,1.5
5234132,1981,SBF,142.8
5234132,1982,SBF,826.6999999999999
5234132,1983,SBF,89.2
5234132,1984,SBF,25.0
5234132,1985,SBF,138.0
5234132,1986,SBF,13.5
5234132,1989,SBF,109.5
5234132,1990,SBF,254.0
5234132,1991,SBF,76.5
5234132,1992,SBF,13.5
5234132,1993,SBF,112.0
5234132,1994,SBF,286.0
5234132,1995,SBF,214.0
5234132,1996,SBF,280.409
5234132,2003,SBF,179.0
5234132,2005,SBF,186.0
5234133,1978,SBF,18.2
5234133,1979,SBF,2.3
5234133,1980,SBF,22.5
5234133,1982,SBF,92.2
5234133,1983,SBF,11.8
5234133,1985,SBF,63.0
5234133,1989,SBF,3.0
5234133,1991,SBF,57.0
5234133,1992,SBF,3.0
5234133,1997,SBF,55.5
5234133,2011,SBF,951.6
5234133,2012,SBF,761.5
5234134,1976,SBF,56.5
5234134,1977,SBF,538.6
5234134,1978,SBF,315.3
5234134,1979,SBF,51.7
5234134,1980,SBF,6.1
5234134,1981,SBF,35.5
5234134,1982,SBF,335.8
5234134,1983,SBF,97.4
5234134,1984,SBF,44.5
5234134,1985,SBF,214.4
5234134,1986,SBF,379.59999999999997
5234134,1987,SBF,1.3
5234134,1990,SBF,210.4
5234134,1991,SBF,182.9
5234134,1992,SBF,15.2
5234134,1993,SBF,78.4
5234134,2009,SBF,788.95
5234134,2012,SBF,681.7
5234135,1976,SBF,37.0
5234135,1977,SBF,186.5
5234135,1978,SBF,23.7
5234135,1979,SBF,121.6
5234135,1980,SBF,31.3
5234135,1982,SBF,25.5
5234135,1983,SBF,26.400000000000002
5234135,1993,SBF,23.0
5234136,1977,SBF,44.0
5234136,1978,SBF,9.0
5234136,1979,SBF,8.5
5234136,1980,SBF,38.5
5234136,2024,SBF,734.9
5234151,1977,SBF,64.8
5234151,1978,SBF,5.5
5235017,2024,SBF,0.06003
5235018,2024,SBF,0.30475
5235116,1984,SBF,21.1
5235117,1982,SBF,254.6
5235117,1983,SBF,260.8
5235117,1984,SBF,299.0
5235117,1985,SBF,187.7
5235117,1986,SBF,95.8
5235117,1987,SBF,146.8
5235117,1988,SBF,103.1
5235117,1989,SBF,26.6
5235118,1982,SBF,839.2
5235118,1983,SBF,693.3
5235118,1984,SBF,340.40000000000003
5235118,1985,SBF,443.8
5235118,1986,SBF,103.4
5235118,1987,SBF,219.9
5235118,1988,SBF,72.6
5235119,1982,SBF,9.9
5235119,1983,SBF,59.800000000000004
5235119,1984,SBF,12.0
5235119,1985,SBF,97.9
5235132,1982,SBF,193.2
5235133,1978,SBF,5.0
5235133,1980,SBF,24.5
5235133,1982,SBF,36.0
5235133,1983,SBF,3.0
5235133,2024,SBF,588.0
5235134,1977,SBF,213.89999999999998
5235134,1978,SBF,215.1
5235134,1980,SBF,89.8
5235134,1981,SBF,341.6
5235134,1982,SBF,344.3
5235134,1983,SBF,67.5
5235134,1984,SBF,9.1
5235134,1988,SBF,7.5
5235134,1992,SBF,178.6
5235134,1993,SBF,80.0
5235134,1997,SBF,58.0
5235134,2009,SBF,142.8
5235134,2012,SBF,739.0
5235134,2019,SBF,325.6
5235134,2020,SBF,214.0
5235134,2021,SBF,104.5
5235134,2023,SBF,434.4
5235134,2024,SBF,302.25
5235135,1976,SBF,53.0
5235135,1977,SBF,950.9
5235135,1978,SBF,403.1
5235135,1979,SBF,118.3
5235135,1980,SBF,34.2
5235135,1981,SBF,98.1
5235135,1982,SBF,373.2
5235135,1983,SBF,29.0
5235135,1984,SBF,38.1
5235135,1992,SBF,109.4785
5235135,1993,SBF,19.5
5235135,2012,SBF,754.2
5235135,2013,SBF,1445.0
5235135,2014,SBF,757.5
5235135,2019,SBF,446.9
5235135,2021,SBF,383.2
5235135,2023,SBF,524.868
5235136,1977,SBF,74.3
5235136,1978,SBF,8.2
5235136,1979,SBF,8.0
5235136,1981,SBF,3.0
5235136,1992,SBF,19.977
5235136,2012,SBF,154.5
5235136,2013,SBF,343.0
5235137,1980,SBF,3.0
5235138,1980,SBF,0.5
5235150,1977,SBF,41.7
5235150,1978,SBF,51.1
5235150,1980,SBF,10.0
5235150,1981,SBF,7.0
5235150,1982,SBF,15.2
5235151,1977,SBF,160.6
5235151,1978,SBF,3.3
5235151,1980,SBF,4.5
5235151,1981,SBF,3.0
5235151,1992,SBF,14.9
5235152,1979,SBF,3.0
5235152,1981,SBF,8.0
5235153,1977,SBF,22.0
5235153,1978,SBF,6.0
5236134,1979,SBF,3.5
5236134,2021,SBF,305.6
5236134,2024,SBF,260.0
5236135,1977,SBF,79.5
5236135,1978,SBF,39.4
5236135,1980,SBF,1.5
5236135,1982,SBF,256.6
5236135,1983,SBF,3.5
5236135,2021,SBF,550.3
5236135,2022,SBF,330.8
5236136,1977,SBF,283.5
5236136,1978,SBF,196.20000000000002
5236136,1979,SBF,20.4
5236136,1980,SBF,32.7
5236136,1982,SBF,277.5
5236136,2013,SBF,764.0
5236136,2014,SBF,190.0
5236136,2020,SBF,448.8
5236136,2023,SBF,117.2
5236137,1977,SBF,358.6
5236137,1978,SBF,208.0
5236137,1979,SBF,115.3
5236137,1980,SBF,91.9
5236137,1981,SBF,8.0
5236137,1982,SBF,17.0
5236137,2014,SBF,2661.0
5236137,2015,SBF,2933.7
5236137,2016,SBF,1664.9
5236137,2018,SBF,742.8
5236137,2019,SBF,626.8
5236137,2021,SBF,287.0
5236137,2023,SBF,374.6
5236138,2015,SBF,1570.0
5236138,2016,SBF,542.4
5236138,2017,SBF,2119.05
5236138,2018,SBF,3545.66
5236138,2019,SBF,730.4
5236138,2021,SBF,272.3
5236138,2023,SBF,387.2
5236150,1977,SBF,67.9
5236150,1978,SBF,196.2
5236150,1980,SBF,48.8
5236150,1981,SBF,510.1
5236150,1982,SBF,273.6
5236150,1983,SBF,1.0
5236151,1978,SBF,91.5
5236151,1980,SBF,38.5
5236151,1981,SBF,591.5
5236151,1982,SBF,70.5
5236151,1983,SBF,848.4
5236152,1979,SBF,11.0
5236152,1981,SBF,225.8
5236153,1977,SBF,18.0
5237136,1982,SBF,36.8
5237137,1977,SBF,46.5
5237137,1978,SBF,14.5
5237138,2019,SBF,1388.3000000000002
5237138,2020,SBF,1421.2
5237138,2021,SBF,507.8
5237138,2022,SBF,1946.75
5237138,2023,SBF,854.7
5237139,2020,SBF,220.5
5237149,1982,SBF,6.0
5237150,1975,SBF,59.8
5237150,1976,SBF,77.2
5237150,1977,SBF,217.8
5237150,1978,SBF,218.1
5237150,1980,SBF,22.0
5237150,1981,SBF,573.1
5237150,1982,SBF,891.1999999999999
5237151,1981,SBF,365.5
5237151,1982,SBF,171.9
5237151,1983,SBF,15.0
5237151,1984,SBF,0.1
5237152,1981,SBF,13.0
5237152,1984,SBF,101.0
5238140,1982,SBF,28.9
5238140,1983,SBF,29.5
5238149,1977,SBF,118.0
5238149,1978,SBF,440.5
5238149,1982,SBF,45.5
5238150,1977,SBF,389.0
5238150,1978,SBF,75.0
5238150,1982,SBF,32.5
5239148,1978,SBF,12.0
5239148,1979,SBF,0.5
5363022,2022,BFT,0.245
5404000,1976,BFT,0.9
5410016,2024,BFT,225.0
5411063,1977,BFT,9.1
5415018,1999,BFT,25.0
5417018,1999,BFT,3.5
5417019,1999,BFT,8.5
5418017,1999,BFT,26.5
5418018,1999,BFT,21.0
5418019,1999,BFT,13.0
5419018,1999,BFT,113.0
5419019,1999,BFT,72.0
5420017,1999,BFT,5.5
5420018,1999,BFT,51.5
5420019,1999,BFT,3.0
5420110,1975,PBF,27.2
5421110,1975,PBF,1.8
5421111,1978,PBF,24.5
5422016,2023,BFT,0.54
5422110,2004,PBF,52.0
5422111,1978,PBF,10.9
5423111,2002,PBF,1.0
5423111,2004,PBF,11.0
5423112,1975,PBF,5.4
5423112,1980,PBF,4.5
5423112,1995,PBF,5.0
5424112,1975,PBF,638.2
5424112,1976,PBF,346.6
5424112,1977,PBF,28.1
5424112,1979,PBF,9.1
5424112,1988,PBF,174.2
5424112,1999,PBF,584.0
5424112,2003,PBF,3.0
5424112,2006,PBF,456.0
5424113,1975,PBF,179.6
5424113,1980,PBF,18.1
5424113,1988,PBF,30.0
5424113,1999,PBF,175.0
5424113,2003,PBF,37.0
5424113,2006,PBF,425.0
5424118,1979,PBF,22.7
5425013,2016,BFT,140.414
5425013,2018,BFT,306.759
5425016,2023,BFT,0.3
5425112,1975,PBF,664.8
5425112,1976,PBF,163.3
5425112,1977,PBF,2.7
5425112,1980,PBF,10.9
5425112,1999,PBF,1463.65
5425112,2004,PBF,15.0
5425112,2008,PBF,71.0
5425113,1975,PBF,2307.6
5425113,1976,PBF,1432.5
5425113,1977,PBF,1325.7
5425113,1978,PBF,441.8
5425113,1979,PBF,1790.8300000000002
5425113,1980,PBF,1111.8200000000002
5425113,1981,PBF,73.5
5425113,1985,PBF,62.1
5425113,1986,PBF,210.94
5425113,1987,PBF,25.0
5425113,1988,PBF,225.72
5425113,1999,PBF,86.89
5425113,2004,PBF,1822.0
5425113,2005,PBF,1400.0
5425113,2006,PBF,880.0
5425114,1976,PBF,34.5
5425114,1978,PBF,54.4
5425114,1980,PBF,22.7
5425114,2001,PBF,276.0
5425114,2003,PBF,362.0
5425114,2004,PBF,385.0
5425114,2006,PBF,456.0
5425115,1976,PBF,45.4
5425115,2003,PBF,80.0
5426016,2021,BFT,0.27
5426016,2022,BFT,0.5
5426016,2023,BFT,0.76
5426018,2021,BFT,4.38
5426112,1975,PBF,35.3
5426112,1977,PBF,11.8
5426113,1975,PBF,35.4
5426113,1976,PBF,118.0
5426113,1977,PBF,395.5
5426113,1978,PBF,63.6
5426113,1979,PBF,112.5
5426113,1980,PBF,71.6
5426113,2004,PBF,372.0
5426113,2005,PBF,156.0
5426113,2006,PBF,92.0
5426114,1975,PBF,22.7
5426114,1976,PBF,332.9
5426114,1978,PBF,13.600000000000001
5426114,1979,PBF,10.88
5426114,1980,PBF,435.2
5426114,1985,PBF,1256.1
5426114,1987,PBF,19.8
5426114,1988,PBF,90.7
5426114,1991,PBF,98.0
5426114,2000,PBF,217.0
5426114,2003,PBF,96.0
5426114,2004,PBF,100.0
5426114,2005,PBF,323.0
5426114,2006,PBF,441.0
5426115,1986,PBF,10.8
5426115,1988,PBF,122.5
5426115,1994,PBF,22.7
5426115,2000,PBF,49.0
5426115,2002,PBF,230.0
5426115,2003,PBF,100.0
5426115,2004,PBF,33.0
5426115,2005,PBF,290.0
5426115,2007,PBF,86.0
5427013,2022,BFT,0.28
5427014,2020,BFT,5.71921
5427014,2021,BFT,20.68
5427014,2022,BFT,7.9
5427014,2023,BFT,9.469999999999999
5427014,2024,BFT,22.1
5427015,2021,BFT,89.22
5427015,2022,BFT,31.4
5427015,2023,BFT,49.71999999999999
5427015,2024,BFT,12.82
5427016,2020,BFT,19.86673
5427016,2021,BFT,70.12
5427016,2022,BFT,34.769999999999996
5427016,2023,BFT,62.84
5427016,2024,BFT,48.379999999999995
5427017,2020,BFT,20.769759999999998
5427017,2021,BFT,66.9
5427017,2022,BFT,45.32
5427017,2023,BFT,103.61
5427017,2024,BFT,43.54
5427018,2021,BFT,7.550000000000001
5427018,2022,BFT,1.47
5427018,2023,BFT,3.58
5427018,2024,BFT,2.43
5427114,1975,PBF,294.8
5427114,1977,PBF,386.40000000000003
5427114,1978,PBF,118.69999999999999
5427114,1985,PBF,80.0
5427114,1991,PBF,2.0
5427114,1997,PBF,2.0
5427114,2004,PBF,216.0
5427114,2005,PBF,105.0
5427114,2006,PBF,158.0
5427115,1975,PBF,178.7
5427115,1976,PBF,6.4
5427115,1977,PBF,14.5
5427115,1982,PBF,268.6
5427115,1983,PBF,15.9
5427115,1985,PBF,46.0
5427115,1988,PBF,1.81
5427115,1991,PBF,7.0
5427115,2000,PBF,30.0
5427115,2004,PBF,158.0
5427115,2007,PBF,178.0
5427115,2024,PBF,350.0
5427116,1982,PBF,460.79
5427116,2000,PBF,10.0
5427116,2010,PBF,35.0
5427116,2011,PBF,75.0
5427117,1976,PBF,4.5
5427117,2010,PBF,808.0
5427118,2010,PBF,105.0
5428013,2020,BFT,3.21078
5428013,2021,BFT,9.959999999999999
5428013,2022,BFT,6.99
5428013,2023,BFT,11.8
5428013,2024,BFT,26.39
5428014,2020,BFT,54.081649999999996
5428014,2021,BFT,16.04
5428014,2022,BFT,16.36
5428014,2023,BFT,38.67
5428014,2024,BFT,25.94
5428015,2020,BFT,22.37517
5428015,2021,BFT,20.740000000000002
5428015,2022,BFT,7.920000000000001
5428015,2023,BFT,8.98
5428015,2024,BFT,11.15
5428016,1975,BFT,978.0
5428016,1976,BFT,832.0
5428016,1977,BFT,1250.0
5428016,1978,BFT,1548.0
5428016,1979,BFT,758.0
5428016,1980,BFT,397.0
5428016,1981,BFT,574.0
5428016,1982,BFT,43.0
5428016,1983,BFT,305.0
5428016,1984,BFT,16.0
5428016,1985,BFT,133.2
5428016,1986,BFT,77.8
5428016,1987,BFT,25.2
5428016,1988,BFT,92.3
5428016,1989,BFT,264.9
5428016,1990,BFT,121.10000000000001
5428016,1991,BFT,58.7
5428016,1992,BFT,28.8
5428016,1993,BFT,31.2
5428016,1994,BFT,56.3
5428016,1995,BFT,4.4
5428016,1996,BFT,156.8
5428016,1997,BFT,360.4
5428016,1998,BFT,39.300000000000004
5428016,1999,BFT,32.4
5428016,2000,BFT,26.2
5428016,2001,BFT,55.314
5428016,2002,BFT,4.6
5428016,2003,BFT,2.3000000000000003
5428016,2004,BFT,5.0
5428016,2005,BFT,34.9
5428016,2006,BFT,73.3
5428016,2007,BFT,123.7
5428016,2008,BFT,31.102
5428016,2009,BFT,1.978
5428016,2010,BFT,14.326999999999998
5428016,2011,BFT,110.12599999999999
5428016,2012,BFT,92.006
5428016,2014,BFT,66.816
5428016,2015,BFT,120.3785
5428016,2020,BFT,92.41040000000001
5428016,2021,BFT,138.19
5428016,2022,BFT,177.62
5428016,2023,BFT,111.62
5428016,2024,BFT,89.22999999999999
5428017,2020,BFT,166.9608
5428017,2021,BFT,126.15999999999998
5428017,2022,BFT,130.06
5428017,2023,BFT,71.08
5428017,2024,BFT,86.31
5428018,2020,BFT,3.01011
5428018,2021,BFT,5.79
5428018,2022,BFT,18.97
5428018,2023,BFT,8.98
5428018,2024,BFT,13.59
5428115,1975,PBF,1774.9
5428115,1976,PBF,1774.3
5428115,1978,PBF,2.7
5428115,1981,PBF,178.7
5428115,1982,PBF,25.4
5428115,1984,PBF,120.5
5428115,1986,PBF,139.9
5428115,1988,PBF,0.9
5428115,1997,PBF,10.0
5428115,1999,PBF,4.81
5428115,2002,PBF,41.0
5428115,2003,PBF,25.0
5428115,2010,PBF,120.0
5428115,2012,PBF,112.0
5428115,2013,PBF,62.0
5428115,2014,PBF,421.0
5428115,2019,PBF,290.0
5428115,2020,PBF,1230.0
5428115,2021,PBF,1874.0
5428115,2022,PBF,500.0
5428115,2023,PBF,1774.0
5428115,2024,PBF,845.0
5428116,1976,PBF,82.6
5428116,1980,PBF,9.1
5428116,1982,PBF,127.72
5428116,1984,PBF,59.0
5428116,1985,PBF,6.0
5428116,1986,PBF,19.0
5428116,1999,PBF,189.6
5428116,2000,PBF,201.0
5428116,2002,PBF,172.0
5428116,2003,PBF,1367.0
5428116,2005,PBF,90.0
5428116,2006,PBF,1.0
5428116,2007,PBF,19.0
5428116,2008,PBF,9.0
5428116,2010,PBF,679.0
5428116,2011,PBF,305.0
5428116,2012,PBF,632.0
5428116,2013,PBF,1642.0
5428116,2024,PBF,340.0
5428117,1976,PBF,57.099999999999994
5428117,1978,PBF,189.6
5428117,1982,PBF,49.9
5428117,2000,PBF,103.0
5428117,2001,PBF,1.0
5428117,2002,PBF,1.0
5428117,2005,PBF,121.0
5428117,2007,PBF,60.0
5428117,2008,PBF,366.0
5428117,2009,PBF,120.0
5428117,2010,PBF,1249.0
5428117,2011,PBF,50.0
5428117,2012,PBF,869.0
5428118,1978,PBF,2.7
5428118,2010,PBF,60.0
5429012,2023,BFT,1.94
5429012,2024,BFT,0.14
5429013,2020,BFT,4.314489999999999
5429013,2021,BFT,10.51
5429013,2022,BFT,12.35
5429013,2023,BFT,29.59
5429013,2024,BFT,34.03
5429014,2020,BFT,2.30775
5429014,2021,BFT,0.31
5429015,2024,BFT,12.63
5429016,2020,BFT,45.35233
5429016,2021,BFT,5.0
5429016,2022,BFT,29.77
5429016,2023,BFT,8.83
5429016,2024,BFT,5.43
5429018,2020,BFT,31.706490000000002
5429018,2021,BFT,3.2399999999999998
5429018,2022,BFT,6.02
5429018,2023,BFT,20.33
5429018,2024,BFT,2.14
5429019,2024,BFT,0.93
5429115,1975,PBF,6.4
5429115,1976,PBF,99.8
5429115,1977,PBF,11.8
5429115,1978,PBF,108.80000000000001
5429115,1981,PBF,83.5
5429115,1983,PBF,95.0
5429115,1985,PBF,5.0
5429115,1986,PBF,375.8
5429115,1987,PBF,45.3
5429115,1988,PBF,94.2
5429115,2002,PBF,166.0
5429115,2003,PBF,34.0
5429115,2010,PBF,711.0
5429115,2013,PBF,27.0
5429115,2014,PBF,367.0
5429115,2019,PBF,400.0
5429115,2020,PBF,2036.0
5429115,2021,PBF,802.0
5429115,2022,PBF,2471.0
5429115,2023,PBF,547.0
5429115,2024,PBF,10.0
5429116,1975,PBF,26.3
5429116,1976,PBF,1607.61
5429116,1977,PBF,42.7
5429116,1978,PBF,553.3
5429116,1980,PBF,14.5
5429116,1981,PBF,35.3
5429116,1982,PBF,151.10000000000002
5429116,1983,PBF,45.4
5429116,1985,PBF,105.0
5429116,1986,PBF,311.5
5429116,1987,PBF,47.08
5429116,1990,PBF,79.8
5429116,1994,PBF,29.02
5429116,1995,PBF,3.0
5429116,1996,PBF,592.4
5429116,1999,PBF,2.0
5429116,2000,PBF,340.0
5429116,2001,PBF,5.0
5429116,2002,PBF,338.0
5429116,2003,PBF,364.0
5429116,2004,PBF,1427.0
5429116,2005,PBF,10.0
5429116,2006,PBF,278.0
5429116,2007,PBF,65.0
5429116,2008,PBF,803.0
5429116,2009,PBF,80.0
5429116,2010,PBF,1523.0
5429116,2011,PBF,15.0
5429116,2012,PBF,1848.0
5429116,2013,PBF,1423.0
5429116,2014,PBF,1687.0
5429116,2018,PBF,17.0
5429116,2019,PBF,280.0
5429116,2022,PBF,151.0
5429116,2024,PBF,505.0
5429117,1976,PBF,106.1
5429117,1978,PBF,164.46
5429117,1979,PBF,839.06
5429117,1986,PBF,118.5
5429117,1990,PBF,138.62
5429117,1995,PBF,27.2
5429117,2000,PBF,150.0
5429117,2001,PBF,53.0
5429117,2002,PBF,172.0
5429117,2004,PBF,2014.0
5429117,2005,PBF,100.0
5429117,2006,PBF,60.0
5429117,2007,PBF,277.0
5429117,2008,PBF,194.0
5429117,2009,PBF,165.0
5429117,2010,PBF,77.0
5429117,2011,PBF,258.0
5429117,2012,PBF,514.0
5429117,2018,PBF,240.0
5429118,1975,PBF,96.3
5429118,1976,PBF,262.2
5429118,1977,PBF,56.3
5429118,1978,PBF,2.16
5429118,1979,PBF,101.6
5429118,1981,PBF,10.9
5429118,1984,PBF,160.6
5430009,1975,BFT,1684.3000000000002
5430009,1976,BFT,191.4
5430009,1977,BFT,170.1
5430009,1978,BFT,6.7
5430009,1979,BFT,2.8
5430009,1980,BFT,53.2
5430013,2024,BFT,1.86
5430015,2016,BFT,1.6094
5430015,2020,BFT,0.8027
5430015,2022,BFT,0.53
5430015,2023,BFT,0.68
5430016,2023,BFT,1.19
5430115,1976,PBF,45.4
5430115,1977,PBF,0.9
5430115,1982,PBF,25.4
5430116,1975,PBF,20.0
5430116,1976,PBF,584.1
5430116,1977,PBF,2349.12
5430116,1978,PBF,138.0
5430116,1979,PBF,571.21
5430116,1981,PBF,3.6
5430116,1982,PBF,29.9
5430116,1983,PBF,73.6
5430116,1984,PBF,16.2
5430116,1985,PBF,440.67
5430116,1986,PBF,756.5699999999999
5430116,1987,PBF,174.9
5430116,1988,PBF,21.9
5430116,1989,PBF,133.4
5430116,1990,PBF,26.3
5430116,1991,PBF,152.41
5430116,1992,PBF,45.4
5430116,1996,PBF,289.92
5430116,2000,PBF,225.0
5430116,2001,PBF,1.0
5430116,2002,PBF,52.0
5430116,2003,PBF,142.0
5430116,2004,PBF,82.0
5430116,2006,PBF,807.0
5430116,2007,PBF,243.0
5430116,2008,PBF,484.0
5430116,2009,PBF,270.0
5430116,2010,PBF,605.0
5430116,2011,PBF,125.0
5430116,2012,PBF,788.0
5430116,2014,PBF,2.0
5430116,2018,PBF,327.0
5430116,2019,PBF,305.0
5430116,2021,PBF,350.0
5430116,2023,PBF,1078.0
5430116,2024,PBF,5.0
5430117,1977,PBF,46.199999999999996
5430117,1978,PBF,236.9
5430117,1979,PBF,66.27
5430117,1980,PBF,4.5
5430117,1982,PBF,53.52
5430117,1988,PBF,40.8
5430117,1989,PBF,248.4
5430117,1990,PBF,13.6
5430117,1994,PBF,18.14
5430117,1995,PBF,9.0
5430117,1996,PBF,1892.51
5430117,1997,PBF,247.0
5430117,1999,PBF,26.3
5430117,2000,PBF,1624.0
5430117,2001,PBF,13.0
5430117,2002,PBF,183.0
5430117,2003,PBF,694.0
5430117,2004,PBF,918.0
5430117,2005,PBF,231.0
5430117,2006,PBF,75.0
5430117,2008,PBF,45.0
5430117,2009,PBF,854.0
5430117,2010,PBF,992.0
5430117,2011,PBF,75.0
5430117,2012,PBF,105.0
5430117,2014,PBF,533.0
5430117,2018,PBF,265.0
5430117,2019,PBF,974.0
5430117,2024,PBF,10.0
5430118,1980,PBF,18.1
5430118,1989,PBF,8.1
5430118,1997,PBF,2.0
5430118,1998,PBF,1.0
5430118,2000,PBF,420.0
5430118,2001,PBF,260.0
5430118,2002,PBF,35.0
5430118,2005,PBF,505.0
5430118,2009,PBF,35.0
5431009,1976,BFT,1.5
5431009,1977,BFT,5.0
5431009,1978,BFT,1.6
5431009,1979,BFT,15.799999999999999
5431009,1980,BFT,7.3999999999999995
5431013,2020,BFT,31.907179999999997
5431013,2022,BFT,1.43
5431013,2024,BFT,15.209999999999999
5431116,1975,PBF,27.2
5431116,1976,PBF,359.2
5431116,1977,PBF,96.2
5431116,1978,PBF,10.9
5431116,1979,PBF,63.6
5431116,1980,PBF,14.5
5431116,1981,PBF,14.5
5431116,1984,PBF,32.0
5431116,1985,PBF,40.8
5431116,1986,PBF,63.4
5431116,1987,PBF,3.6
5431116,1988,PBF,52.8
5431116,1991,PBF,29.0
5431116,2004,PBF,18.0
5431116,2006,PBF,25.0
5431116,2007,PBF,82.0
5431116,2009,PBF,35.0
5431116,2014,PBF,240.0
5431116,2017,PBF,477.0
5431116,2024,PBF,5.0
5431117,1975,PBF,252.1
5431117,1976,PBF,590.53
5431117,1977,PBF,60.0
5431117,1978,PBF,590.1
5431117,1979,PBF,752.99
5431117,1980,PBF,186.8
5431117,1981,PBF,191.45
5431117,1982,PBF,300.3
5431117,1983,PBF,36.3
5431117,1984,PBF,44.5
5431117,1985,PBF,44.4
5431117,1986,PBF,1233.9
5431117,1987,PBF,107.52
5431117,1988,PBF,42.5
5431117,1989,PBF,134.3
5431117,1990,PBF,10.0
5431117,1991,PBF,36.3
5431117,1992,PBF,40.8
5431117,1994,PBF,3.0
5431117,1996,PBF,593.81
5431117,1997,PBF,1.81
5431117,2000,PBF,109.0
5431117,2002,PBF,30.0
5431117,2004,PBF,869.0
5431117,2006,PBF,1524.0
5431117,2007,PBF,1059.88
5431117,2008,PBF,948.0
5431117,2009,PBF,1334.0
5431117,2010,PBF,730.0
5431117,2011,PBF,1208.0
5431117,2012,PBF,1681.0
5431117,2014,PBF,1549.0
5431117,2015,PBF,85.0
5431117,2016,PBF,1782.0
5431117,2017,PBF,1998.0
5431117,2018,PBF,1991.0
5431117,2022,PBF,65.0
5431117,2024,PBF,409.0
5431118,1976,PBF,163.68
5431118,1978,PBF,816.9
5431118,1979,PBF,57.9
5431118,1980,PBF,94.4
5431118,1981,PBF,40.8
5431118,1982,PBF,19.1
5431118,1983,PBF,9.1
5431118,1986,PBF,77.8
5431118,1987,PBF,77.80000000000001
5431118,1989,PBF,20.0
5431118,1990,PBF,389.98
5431118,1992,PBF,62.7
5431118,1994,PBF,176.9
5431118,1995,PBF,214.10000000000002
5431118,1996,PBF,262.71000000000004
5431118,1997,PBF,688.1
5431118,1998,PBF,272.79
5431118,1999,PBF,2.72
5431118,2000,PBF,80.0
5431118,2001,PBF,197.0
5431118,2002,PBF,2.0
5431118,2004,PBF,55.0
5431118,2005,PBF,857.0
5431118,2006,PBF,63.0
5431118,2011,PBF,7.0
5431118,2024,PBF,1017.0
5431119,1978,PBF,16.4
5431119,1982,PBF,13.6
5431119,1987,PBF,8.1
5431119,1990,PBF,31.8
5431119,1997,PBF,301.11
5431119,1998,PBF,28.09
5431119,2000,PBF,5.0
5432009,1975,BFT,156.6
5432009,1976,BFT,1.0
5432009,1977,BFT,0.3
5432009,1978,BFT,0.1
5432009,1979,BFT,117.8
5432009,1980,BFT,1.1
5432017,2005,BFT,5.069999999999999
5432017,2016,BFT,0.3254
5432017,2017,BFT,4.9405
5432017,2019,BFT,2.48835
5432017,2020,BFT,11.136299999999999
5432017,2021,BFT,8.125
5432017,2022,BFT,24.57632
5432017,2023,BFT,17.01556
5432017,2024,BFT,36.66292
5432116,1976,PBF,2.7
5432117,1975,PBF,131.5
5432117,1976,PBF,830.4300000000001
5432117,1977,PBF,6.4
5432117,1978,PBF,32.7
5432117,1979,PBF,74.53
5432117,1980,PBF,118.0
5432117,1981,PBF,32.7
5432117,1982,PBF,102.42999999999999
5432117,1983,PBF,6.4
5432117,1984,PBF,12.700000000000001
5432117,1985,PBF,3.6
5432117,1986,PBF,323.2
5432117,1987,PBF,47.0
5432117,1988,PBF,166.93
5432117,1989,PBF,134.3
5432117,1990,PBF,170.7
5432117,1991,PBF,6.4
5432117,1992,PBF,1.8
5432117,1993,PBF,58.9
5432117,1996,PBF,9.44
5432117,2006,PBF,2804.0
5432117,2007,PBF,1924.0
5432117,2008,PBF,510.0
5432117,2009,PBF,140.0
5432117,2011,PBF,613.0
5432117,2012,PBF,103.0
5432117,2014,PBF,69.0
5432117,2015,PBF,2997.0
5432117,2016,PBF,1122.0
5432117,2017,PBF,1168.0
5432117,2022,PBF,10.36
5432117,2023,PBF,3.17
5432117,2024,PBF,20.0
5432118,1975,PBF,13.7
5432118,1976,PBF,305.1
5432118,1978,PBF,392.28999999999996
5432118,1979,PBF,261.87
5432118,1980,PBF,293.9
5432118,1981,PBF,85.3
5432118,1982,PBF,684.69
5432118,1983,PBF,23.6
5432118,1984,PBF,87.0
5432118,1985,PBF,286.7
5432118,1986,PBF,232.79999999999998
5432118,1987,PBF,58.8
5432118,1988,PBF,38.8
5432118,1989,PBF,194.9
5432118,1990,PBF,151.6
5432118,1991,PBF,58.9
5432118,1992,PBF,248.5
5432118,1993,PBF,59.06
5432118,1994,PBF,274.9
5432118,1995,PBF,288.6
5432118,1996,PBF,1582.7
5432118,1997,PBF,169.24
5432118,1998,PBF,115.1
5432118,2001,PBF,12.0
5432118,2007,PBF,206.46
5432118,2009,PBF,244.76999999999998
5432118,2018,PBF,1.0
5432118,2022,PBF,14.78
5432119,1976,PBF,60.8
5432119,1978,PBF,185.1
5432119,1979,PBF,33.6
5432119,1981,PBF,17.2
5432119,1982,PBF,30.8
5432119,1983,PBF,243.4
5432119,1984,PBF,118.7
5432119,1985,PBF,1534.5
5432119,1986,PBF,695.7
5432119,1987,PBF,195.1
5432119,1988,PBF,76.6
5432119,1989,PBF,96.0
5432119,1990,PBF,339.8
5432119,1992,PBF,867.4000000000001
5432119,1993,PBF,228.7
5432119,1994,PBF,20.9
5432119,1997,PBF,139.43
5432119,1998,PBF,83.46
5432119,2005,PBF,56.24
5432119,2009,PBF,86.18
5433007,1975,BFT,726.8000000000001
5433007,1976,BFT,62.7
5433007,1977,BFT,270.09999999999997
5433007,1978,BFT,13.1
5433007,1979,BFT,46.6
5433007,1980,BFT,0.9
5433008,1975,BFT,56.5
5433008,1976,BFT,70.8
5433008,1977,BFT,137.2
5433008,1978,BFT,6.6
5433008,1979,BFT,17.3
5433008,1980,BFT,0.8
5433014,2024,BFT,2.16
5433117,1976,PBF,79.0
5433117,1978,PBF,97.1
5433117,1979,PBF,1.8
5433117,1981,PBF,5.4
5433117,1982,PBF,18.1
5433117,1983,PBF,8.2
5433117,1986,PBF,65.1
5433117,1988,PBF,37.1
5433117,1989,PBF,7.3
5433117,1993,PBF,4.5
5433118,1975,PBF,9.0
5433118,1976,PBF,52.7
5433118,1979,PBF,36.3
5433118,1982,PBF,54.4
5433118,1983,PBF,79.80000000000001
5433118,1986,PBF,88.8
5433118,1988,PBF,6.3
5433118,1989,PBF,51.8
5433118,1990,PBF,45.3
5433118,1992,PBF,13.6
5433118,2021,PBF,1.39
5433118,2022,PBF,139.81
5433119,1976,PBF,27.2
5433119,1984,PBF,131.5
5433119,1985,PBF,37.1
5433119,1986,PBF,31.7
5433119,1987,PBF,24.4
5433119,1988,PBF,25.2
5433119,1989,PBF,12.7
5433119,1990,PBF,19.84
5433119,1992,PBF,54.4
5433119,1998,PBF,53.5
5433119,2001,PBF,8.0
5433120,1987,PBF,30.8
5433120,1988,PBF,5.4
5434006,1977,BFT,0.6
5434006,1978,BFT,0.2
5434014,2024,BFT,0.14
5434120,1986,PBF,48.8
5434120,1987,PBF,7.2
5434120,1988,PBF,82.89999999999999
5434120,1989,PBF,11.7
5435002,1975,BFT,0.1
5435002,1977,BFT,1.6
5435002,1979,BFT,2.2
5435005,1975,BFT,39.5
5435005,1976,BFT,4.3
5435005,1977,BFT,5.6
5435005,1978,BFT,3.0
5435005,1979,BFT,4.1
5435005,1980,BFT,4.7
5435005,2022,BFT,342.20197
5435005,2023,BFT,260.76915
5435005,2024,BFT,378.80475
5435006,1976,BFT,0.2
5435006,1978,BFT,1.7
5435006,1979,BFT,0.9
5435006,1980,BFT,0.4
5435006,2022,BFT,2.6143
5435006,2023,BFT,69.89744999999999
5435006,2024,BFT,54.006
5435007,2003,BFT,0.01441
5435008,1977,BFT,0.2
5435010,1994,BFT,1.0
5435025,2016,BFT,1.4285
5435121,2000,PBF,60.0
5435122,1999,PBF,7.25
5436001,1996,BFT,5.0
5436002,1995,BFT,20.0
5436005,1995,BFT,186.0
5436005,2022,BFT,1.15373
5436006,1996,BFT,50.0
5436006,1997,BFT,189.0
5436007,1994,BFT,445.0
5436007,2006,BFT,0.6930000000000001
5436007,2009,BFT,0.4367
5436007,2010,BFT,0.3118
5436008,1994,BFT,37.0
5436011,1994,BFT,12.0
5436014,2024,BFT,0.19
5436024,1975,BFT,79.3
5436024,1976,BFT,6.3
5436024,1977,BFT,3.7
5436024,1978,BFT,12.399999999999999
5436024,1979,BFT,8.0
5436024,1980,BFT,15.0
5436075,1978,BFT,89.0
5436122,1999,PBF,13.6
5437000,1996,BFT,108.1
5437000,2024,BFT,290.02073
5437001,2022,BFT,0.077
5437007,1995,BFT,102.0
5437010,1994,BFT,126.0
5437011,1994,BFT,17.0
5437025,2010,BFT,0.2
5437075,1977,BFT,180.0
5437122,1997,PBF,36.28
5438000,2024,BFT,705.15911
5438027,2024,BFT,0.25
5438029,2010,BFT,0.024
5438073,1976,BFT,137.0
5438073,1978,BFT,152.0
5438074,1976,BFT,165.64662
5439010,1994,BFT,11.0
5439073,1975,BFT,232.23928
5439073,1976,BFT,110.14368999999999
5439074,1975,BFT,145.14955
5439074,1976,BFT,28.071849999999998
5440072,1975,BFT,0.90718
5440072,1977,BFT,118.0
5440073,1975,BFT,365.76318
5442070,1979,BFT,367.0
5443001,2007,BFT,5.17144
5443001,2008,BFT,0.30644
5443001,2009,BFT,0.8130000000000001
5443001,2010,BFT,82.17966000000001
5443002,2007,BFT,24.22832
5443002,2008,BFT,1.08124
5443002,2009,BFT,0.161
5443002,2011,BFT,23.645700000000005
5443002,2012,BFT,64.03892
5443002,2013,BFT,64.969
5443002,2014,BFT,48.988
5443002,2016,BFT,69.05499999999999
5443002,2017,BFT,36.92400000000001
5443002,2018,BFT,7.766
5443002,2019,BFT,74.241
5443002,2020,BFT,86.7641
5443002,2021,BFT,106.8386
5443002,2022,BFT,62.211999999999996
5443002,2023,BFT,35.79076
5443002,2024,BFT,13.82623
5443003,2007,BFT,5.28373
5443003,2009,BFT,3.161
5443003,2011,BFT,44.09131
5443003,2012,BFT,20.45665
5443003,2013,BFT,12.832
5443003,2014,BFT,14.482
5443003,2016,BFT,16.839
5443003,2017,BFT,6.745
5443003,2018,BFT,31.992
5443003,2019,BFT,0.4
5443003,2020,BFT,8.833
5443003,2021,BFT,0.028
5443003,2022,BFT,3.022
5443003,2023,BFT,14.661999999999999
5443003,2024,BFT,16.046
5443004,2014,BFT,0.26
5443004,2016,BFT,0.041
5443005,2012,BFT,1.33757
5443005,2016,BFT,0.021
5443005,2020,BFT,0.08
5443006,2016,BFT,0.019
5443007,2012,BFT,0.41156
5443011,2016,BFT,0.022
5443011,2018,BFT,0.045
5443014,2010,BFT,0.1169
5443073,1975,BFT,211.0
5444001,2007,BFT,0.00357
5444001,2008,BFT,0.19643
5444002,1978,BFT,139.0
5444002,1982,BFT,734.2
5444002,1988,BFT,2081.0
5444002,1989,BFT,2111.0
5444002,1990,BFT,1493.0
5444002,1991,BFT,1141.0
5444002,2007,BFT,45.656670000000005
5444002,2008,BFT,44.74669
5444002,2009,BFT,0.918
5444002,2014,BFT,1.83
5444002,2017,BFT,12.122
5444002,2018,BFT,0.46
5444002,2019,BFT,0.34800000000000003
5444002,2020,BFT,1.6998
5444002,2021,BFT,0.6699999999999999
5444002,2022,BFT,0.711
5444002,2023,BFT,3.79969
5444002,2024,BFT,1.5855000000000001
5444003,1992,BFT,739.0
5444003,1993,BFT,3540.0
5444003,1994,BFT,1294.0
5444003,1995,BFT,2772.0
5444003,1996,BFT,4711.0
5444003,1997,BFT,2742.0
5444003,2007,BFT,2.50952
5444003,2008,BFT,2.68148
5444003,2009,BFT,7.404
5444003,2011,BFT,3.67786
5444003,2012,BFT,9.051260000000001
5444003,2017,BFT,8.054
5444003,2018,BFT,8.683
5444003,2020,BFT,0.194
5444003,2021,BFT,1.0346799999999998
5444003,2022,BFT,8.398
5444003,2023,BFT,18.752000000000002
5444003,2024,BFT,21.953999999999997
5444004,2008,BFT,0.01893
5444009,2011,BFT,0.09115
5445001,2007,BFT,2.28564
5445002,2009,BFT,13.866
5445002,2011,BFT,1.45532
5445002,2017,BFT,0.645
5445002,2019,BFT,1.1239999999999999
5445002,2020,BFT,4.4718
5445002,2021,BFT,10.0963
5445002,2022,BFT,5.1205
5445002,2023,BFT,7.137
5445002,2024,BFT,9.2982
5445003,2007,BFT,0.05
5445003,2008,BFT,0.63374
5445003,2009,BFT,5.052
5445003,2012,BFT,4.18249
5445003,2022,BFT,0.952
5445003,2024,BFT,3.174
5445004,2008,BFT,0.65707
5445004,2022,BFT,0.019
5445004,2023,BFT,2.62
5445005,2008,BFT,0.24538
5445005,2018,BFT,0.24
5446002,2011,BFT,2.47795
5446002,2017,BFT,0.205
5446002,2018,BFT,1.485
5446002,2019,BFT,6.0365
5446002,2020,BFT,15.079
5446002,2021,BFT,8.583
5446002,2022,BFT,19.756
5446002,2023,BFT,18.0918
5446002,2024,BFT,29.4674
5446003,2009,BFT,4.502
5446003,2012,BFT,0.0144
5446003,2020,BFT,1.14
5446003,2021,BFT,0.2
5446003,2023,BFT,1.4728999999999999
5446003,2024,BFT,4.219
5446004,2008,BFT,0.0169
5446004,2021,BFT,3.045
5446005,2008,BFT,0.48543000000000003
5446005,2012,BFT,0.1852
5446005,2018,BFT,2.84
5446006,2008,BFT,0.5263100000000001
5446006,2012,BFT,0.07717
5446006,2018,BFT,2.11
5446008,2008,BFT,0.04254
5446009,2008,BFT,1.48746
5447003,2017,BFT,4.96
5447003,2018,BFT,7.539000000000001
5447003,2019,BFT,5.965
5447003,2020,BFT,12.236
5447003,2021,BFT,5.1421
5447003,2022,BFT,10.0281
5447003,2023,BFT,9.6433
5447003,2024,BFT,8.857
5447004,2021,BFT,3.4512
5447004,2022,BFT,4.516
5447004,2023,BFT,7.9342
5447004,2024,BFT,8.6304
5447005,2008,BFT,0.01497
5447005,2020,BFT,0.5860000000000001
5447005,2021,BFT,2.42554
5447005,2022,BFT,0.18
5447005,2023,BFT,4.968999999999999
5447005,2024,BFT,4.85904
5447006,2007,BFT,0.05
5447008,2012,BFT,4.24422
5447009,2012,BFT,0.56075
5447010,2007,BFT,0.00294
5448002,2022,BFT,0.119
5448002,2023,BFT,0.524
5448002,2024,BFT,1.6225
5448003,2018,BFT,0.066
5448003,2020,BFT,0.795
5448003,2021,BFT,1.866
5448003,2022,BFT,3.4250000000000003
5448003,2023,BFT,2.971
5448003,2024,BFT,1.5405
5448004,2021,BFT,0.804
5448004,2022,BFT,1.337
5448004,2023,BFT,1.9795
5448004,2024,BFT,7.2745
5448005,2019,BFT,0.061
5448005,2021,BFT,1.9586
5448005,2022,BFT,4.1456
5448005,2023,BFT,9.1404
5448005,2024,BFT,3.4626
5448006,2018,BFT,0.233
5448006,2022,BFT,0.118
5448008,2012,BFT,1.18324
5448011,2007,BFT,0.00549
5448012,2007,BFT,0.00137
5449001,2024,BFT,0.214
5449002,2023,BFT,0.3335
5449002,2024,BFT,0.283
5449003,2021,BFT,0.9344999999999999
5449003,2023,BFT,1.1815
5449003,2024,BFT,0.246
5449004,2020,BFT,0.6930000000000001
5449004,2023,BFT,0.072
5449004,2024,BFT,1.0470000000000002
5449005,2021,BFT,0.022
5449005,2022,BFT,0.0467
5449005,2023,BFT,0.3094
5449005,2024,BFT,2.8609
5449006,2021,BFT,0.023
5449006,2022,BFT,0.0008
5449006,2024,BFT,0.64505
5449010,2012,BFT,6.32775
5450002,2022,BFT,0.06
5450003,2022,BFT,0.0125
5450004,2021,BFT,0.793
5450004,2023,BFT,0.2268
5450004,2024,BFT,1.397
5450005,2021,BFT,1.1277
5450005,2022,BFT,2.0185
5450005,2023,BFT,3.4105
5450005,2024,BFT,2.4323
5450006,2023,BFT,0.0313
5450007,2015,BFT,0.0007
5450007,2023,BFT,0.0311
5450008,2015,BFT,0.0008
5450009,2024,BFT,0.14
5452014,2024,BFT,0.155
