,geographic_identifier,year,species,measurement_value
21,6100000,1977,BFT,5.8
12841,6130010,1976,BFT,35.2
12843,6130010,1977,BFT,75.0
12845,6130010,1978,BFT,38.7
12846,6130010,1994,BFT,12.9
12847,6130010,1995,BFT,3.4
12848,6130010,1997,BFT,42.896
12849,6130010,1999,BFT,129.645
12850,6130010,2000,BFT,180.064
12852,6130010,2001,BFT,2063.0280000000002
12853,6130010,2002,BFT,39.102
12854,6130010,2003,BFT,48.59
12855,6130010,2005,BFT,1383.7630000000001
12856,6130010,2007,BFT,2510.06063
12857,6130010,2008,BFT,2546.90594
12858,6130010,2009,BFT,1197.68308
12859,6130010,2010,BFT,1201.42813
12860,6130010,2011,BFT,873.06369
12861,6130010,2012,BFT,1280.819
12862,6130010,2013,BFT,805.7795899999999
12863,6130010,2014,BFT,428.41142
12864,6130010,2015,BFT,318.63293
12865,6130010,2016,BFT,2673.92072
12866,6130010,2017,BFT,977.77634
12867,6130010,2018,BFT,1097.0150800000001
12868,6130010,2019,BFT,1677.75325
12869,6130010,2020,BFT,2249.9156599999997
12870,6130010,2021,BFT,2228.04447
12871,6130010,2022,BFT,662.97567
12872,6130010,2023,BFT,1609.95404
12873,6130015,1994,BFT,198.1
12874,6130015,1995,BFT,224.7
12875,6130015,1996,BFT,25.1
12876,6130015,1997,BFT,43.247
12877,6130015,1999,BFT,1.189
12878,6130015,2000,BFT,25.577
12880,6130015,2001,BFT,358.299
12881,6130015,2002,BFT,544.405
12882,6130015,2003,BFT,395.926
12883,6130015,2004,BFT,30.445
12884,6130015,2005,BFT,12.047
12885,6130015,2006,BFT,0.972
12886,6130015,2007,BFT,2726.654
12887,6130015,2008,BFT,97.56974
12888,6130015,2009,BFT,152.0
12889,6130015,2012,BFT,145.076
12890,6130015,2018,BFT,576.8373700000001
12891,6130015,2019,BFT,416.07304
12892,6130015,2020,BFT,95.02232000000001
12893,6130015,2021,BFT,136.30595
12894,6130015,2022,BFT,90.00036
12895,6130015,2023,BFT,95.99996
12896,6130020,2001,BFT,1.94
12897,6130020,2007,BFT,150.0
12898,6130025,2000,BFT,60.821999999999996
12900,6130025,2002,BFT,91.352
12901,6130025,2003,BFT,78.925
12902,6130025,2004,BFT,104.70400000000001
12903,6130025,2005,BFT,148.81
12904,6130025,2006,BFT,109.90899999999999
12905,6130025,2008,BFT,132.316
12906,6130025,2009,BFT,2.178
12908,6130025,2010,BFT,2.8689999999999998
12909,6130030,1999,BFT,195.0
12910,6130030,2000,BFT,16.002
12911,6130030,2007,BFT,411.314
12912,6130030,2008,BFT,160.0
12913,6130030,2009,BFT,347.90099999999995
12914,6130030,2011,BFT,2.4875
12915,6130030,2012,BFT,365.16487
12916,6130030,2017,BFT,0.8089999999999999
12917,6130030,2018,BFT,1.981
12918,6130030,2019,BFT,15.971
12919,6130030,2020,BFT,2245.8910800000003
12920,6130030,2021,BFT,2563.3213
12921,6130030,2022,BFT,3.02666
12922,6130030,2023,BFT,0.8475
12925,6130035,2022,BFT,67.08
14386,6135000,1977,BFT,2.3
14388,6135000,1987,BFT,115.862
14389,6135000,1992,BFT,552.89
14390,6135000,1993,BFT,799.6
14391,6135000,1994,BFT,1157.1
14392,6135000,1995,BFT,1416.1999999999998
14393,6135000,1996,BFT,1287.6999999999998
14394,6135000,1997,BFT,1620.041
14395,6135000,1998,BFT,117.00000000000001
14396,6135000,1999,BFT,351.149
14397,6135000,2000,BFT,1744.421
14398,6135000,2001,BFT,450.236
14399,6135000,2002,BFT,482.962
14400,6135000,2003,BFT,386.19599999999997
14401,6135000,2004,BFT,313.544
14402,6135000,2005,BFT,2757.864
14403,6135000,2006,BFT,2285.0446
14404,6135000,2007,BFT,2544.589
14405,6135000,2008,BFT,1957.1480000000001
14406,6135000,2009,BFT,2528.5383500000003
14407,6135000,2010,BFT,1739.23386
14408,6135000,2011,BFT,1203.42193
14409,6135000,2012,BFT,550.6335
14410,6135000,2013,BFT,2037.979
14411,6135000,2014,BFT,1383.156
14412,6135000,2015,BFT,3.0410500000000003
14413,6135000,2016,BFT,2070.6893999999998
14414,6135000,2017,BFT,2579.7216000000003
14415,6135000,2018,BFT,3211.5616999999997
14416,6135000,2019,BFT,7159.84893
14417,6135000,2020,BFT,4553.68938
14418,6135000,2021,BFT,5796.85438
14419,6135000,2022,BFT,5487.68031
14421,6135000,2023,BFT,7972.453350000001
14422,6135005,1994,BFT,274.6
14423,6135005,1995,BFT,182.4
14424,6135005,1996,BFT,91.4
14425,6135005,1997,BFT,100.463
14426,6135005,2002,BFT,10.576
14427,6135005,2004,BFT,6.179
14428,6135005,2005,BFT,126.711
14429,6135005,2006,BFT,113.79728
14430,6135005,2007,BFT,415.81100000000004
14431,6135005,2008,BFT,577.67875
14432,6135005,2009,BFT,169.21545
14433,6135005,2010,BFT,281.3327
14434,6135005,2011,BFT,57.467220000000005
14435,6135005,2012,BFT,10.453
14436,6135005,2015,BFT,370.25799
14437,6135005,2019,BFT,0.199
14438,6135005,2020,BFT,1.66
14446,6135010,1965,BFT,263.8
14447,6135010,1966,BFT,202.5
14448,6135010,1967,BFT,365.3
14449,6135010,1968,BFT,16.8
14450,6135010,1969,BFT,64.4
14451,6135010,1970,BFT,2.2
14452,6135010,1976,BFT,30.6
14453,6135010,1977,BFT,565.8
14454,6135010,1978,BFT,43.4
14455,6135010,1994,BFT,29.4
14456,6135010,1995,BFT,1251.0
14457,6135010,1996,BFT,1.1
14458,6135010,1997,BFT,66.08
14459,6135010,1998,BFT,123.81400000000001
14460,6135010,1999,BFT,271.8316
14461,6135010,2000,BFT,935.10956
14462,6135010,2001,BFT,335.33796
14463,6135010,2002,BFT,33.638
14464,6135010,2004,BFT,5.919
14465,6135010,2005,BFT,1421.402
14466,6135010,2006,BFT,1.608
14467,6135010,2007,BFT,738.065
14468,6135010,2008,BFT,2059.26575
14469,6135010,2009,BFT,1451.99582
14470,6135010,2010,BFT,825.2126800000001
14471,6135010,2011,BFT,149.35381999999998
14472,6135010,2012,BFT,165.72958
14473,6135010,2013,BFT,2096.24127
14474,6135010,2014,BFT,481.774
14475,6135010,2015,BFT,182.71172
14476,6135010,2016,BFT,743.78015
14477,6135010,2017,BFT,1601.86206
14478,6135010,2018,BFT,1467.02972
14479,6135010,2019,BFT,1537.96165
14480,6135010,2020,BFT,2261.098
14481,6135010,2021,BFT,1366.46
14482,6135010,2022,BFT,4030.32741
14483,6135010,2023,BFT,1892.37338
14484,6135015,1977,BFT,4891.0
14485,6135015,1991,BFT,1.9
14486,6135015,1992,BFT,0.30000000000000004
14487,6135015,1994,BFT,4.5
14488,6135015,1996,BFT,0.3
14489,6135015,1997,BFT,101.96499999999999
14490,6135015,1999,BFT,0.8490000000000001
14491,6135015,2000,BFT,10.511
14493,6135015,2001,BFT,14.932
14496,6135015,2005,BFT,0.232
14497,6135015,2007,BFT,39.999
14498,6135015,2008,BFT,120.0
14499,6135015,2009,BFT,840.8378
14500,6135015,2010,BFT,12.84655
14501,6135015,2011,BFT,18.18582
14502,6135015,2012,BFT,3.043
14503,6135015,2014,BFT,34.690999999999995
14504,6135015,2015,BFT,40.6221
14505,6135015,2017,BFT,56.91
14506,6135015,2018,BFT,159.85859
14507,6135015,2019,BFT,341.48125999999996
14508,6135015,2020,BFT,448.29262
14509,6135015,2021,BFT,147.64597
14510,6135015,2022,BFT,57382.407
14511,6135015,2023,BFT,309.11536
14512,6135020,1997,BFT,2.55
14513,6135020,1999,BFT,599.3
14514,6135020,2000,BFT,1002.079
14515,6135020,2001,BFT,1867.03
14516,6135020,2003,BFT,51.120000000000005
14517,6135020,2004,BFT,42.128
14518,6135020,2006,BFT,18.6003
14519,6135020,2007,BFT,18.899
14520,6135020,2008,BFT,86.0197
14521,6135020,2009,BFT,76.07279
14522,6135020,2010,BFT,172.15232
14523,6135020,2011,BFT,160.62285
14524,6135020,2012,BFT,134.7209
14525,6135020,2013,BFT,126.29796999999999
14526,6135020,2014,BFT,57.50006
14527,6135020,2015,BFT,89.70469
14528,6135020,2016,BFT,34.330690000000004
14529,6135020,2017,BFT,235.18845000000002
14531,6135020,2018,BFT,189.299
14532,6135020,2019,BFT,233.755
14533,6135020,2020,BFT,351.388
14534,6135020,2021,BFT,307.25
14535,6135020,2022,BFT,346.118
14536,6135020,2023,BFT,270.40500000000003
14537,6135025,1986,BFT,43.4
14538,6135025,1987,BFT,23.9
14539,6135025,2000,BFT,60.7565
14540,6135025,2005,BFT,17.0809
14541,6135025,2008,BFT,0.494
14542,6135025,2009,BFT,0.864
14543,6135025,2010,BFT,1.576
14544,6135025,2011,BFT,1.683
14545,6135025,2012,BFT,115.5
14546,6135025,2013,BFT,157.29
14547,6135025,2015,BFT,455.59
14548,6135025,2017,BFT,56.169000000000004
14549,6135025,2018,BFT,56.525
14550,6135025,2019,BFT,53.818000000000005
14551,6135025,2020,BFT,55.8672
14552,6135025,2021,BFT,32.808930000000004
14553,6135025,2022,BFT,65.59299
14554,6135025,2023,BFT,58.24339
14555,6135030,2007,BFT,918.0
14556,6135030,2008,BFT,495.25
14557,6135030,2009,BFT,127.765
14558,6135030,2010,BFT,409.497
14559,6135030,2011,BFT,532.059
14560,6135030,2012,BFT,644.5746
14561,6135030,2013,BFT,412.65977
14562,6135030,2014,BFT,555.10382
14563,6135030,2015,BFT,1339.732
14564,6135030,2016,BFT,307.384
14565,6135030,2017,BFT,1507.25223
14566,6135030,2018,BFT,1338.3899999999999
14567,6135030,2019,BFT,1767.2695800000001
14568,6135030,2020,BFT,2337.082
14569,6135030,2021,BFT,2257.16137
14570,6135030,2022,BFT,2369.34617
14571,6135030,2023,BFT,3270.665
14574,6135035,2007,BFT,4.75
14575,6135035,2008,BFT,381.88
14576,6135035,2009,BFT,537.7
14577,6135035,2012,BFT,16.92
14578,6135035,2013,BFT,408.70841
14579,6135035,2016,BFT,99.3348
14580,6135035,2017,BFT,56.906
14581,6135035,2019,BFT,71.973
14582,6135035,2020,BFT,0.12208
15677,6140000,1975,BFT,271.0
15678,6140000,1976,BFT,881.9
15679,6140000,1977,BFT,2036.8
15680,6140000,1978,BFT,649.3
15681,6140000,1979,BFT,1002.6
15682,6140000,1980,BFT,1130.0
15683,6140000,1981,BFT,1616.2
15684,6140000,1989,BFT,4404.1
15685,6140000,1992,BFT,935.5999999999999
15686,6140000,1993,BFT,878.6999999999999
15687,6140000,1994,BFT,958.1
15688,6140000,1995,BFT,1864.4
15689,6140000,1996,BFT,591.2
15690,6140000,1997,BFT,126.697
15691,6140000,1998,BFT,64.7
15692,6140000,1999,BFT,3.5
15693,6140000,2000,BFT,126.774
15694,6140000,2001,BFT,27.965
15695,6140000,2002,BFT,1590.148
15696,6140000,2003,BFT,180.09900000000002
15697,6140000,2004,BFT,135.933
15698,6140000,2005,BFT,55.929
15699,6140000,2006,BFT,214.097
15700,6140000,2007,BFT,1029.4379999999999
15701,6140000,2008,BFT,308.47429999999997
15702,6140000,2009,BFT,278.65602
15703,6140000,2010,BFT,180.06172999999998
15704,6140000,2011,BFT,218.74335
15705,6140000,2012,BFT,126.27177999999999
15706,6140000,2013,BFT,204.917
15707,6140000,2014,BFT,269.716
15708,6140000,2015,BFT,34.86867
15709,6140000,2016,BFT,1352.46391
15710,6140000,2017,BFT,404.6249
15711,6140000,2018,BFT,397.9173
15712,6140000,2019,BFT,458.41609
15713,6140000,2020,BFT,475.00304
15714,6140000,2021,BFT,2489.11835
15715,6140000,2022,BFT,2153.49409
15716,6140000,2023,BFT,486.48715
15717,6140005,1975,BFT,275.3
15718,6140005,1976,BFT,610.7
15719,6140005,1977,BFT,291.0
15720,6140005,1996,BFT,2.0
15721,6140005,2006,BFT,54.900999999999996
15722,6140005,2007,BFT,540.87
15723,6140005,2008,BFT,9.591
15724,6140005,2009,BFT,20.8988
15725,6140005,2010,BFT,3.9626
15726,6140005,2011,BFT,192.70529
15727,6140005,2012,BFT,7.7476899999999995
15728,6140005,2013,BFT,11.89
15729,6140005,2014,BFT,24.708000000000002
15730,6140005,2015,BFT,1.24796
15731,6140005,2016,BFT,29.332
15732,6140005,2017,BFT,26.964
15733,6140005,2018,BFT,53.836
15734,6140005,2019,BFT,93.17566000000001
15735,6140005,2020,BFT,117.77184999999999
15736,6140005,2021,BFT,91.07056
15737,6140005,2022,BFT,64.52089
15739,6140005,2023,BFT,85.66871
15741,6140010,1977,BFT,362.0
15742,6140010,1990,BFT,1.9
15743,6140010,1992,BFT,0.7
15744,6140010,1994,BFT,0.9
15745,6140010,1995,BFT,12.5
15746,6140010,1997,BFT,0.424
15747,6140010,2000,BFT,4.158
15748,6140010,2005,BFT,9.44
15749,6140010,2009,BFT,73.3387
15750,6140010,2010,BFT,10.26736
15751,6140010,2011,BFT,80.39429
15752,6140010,2012,BFT,2.29752
15753,6140010,2013,BFT,86.11999
15754,6140010,2014,BFT,8.364799999999999
15755,6140010,2015,BFT,12.57955
15756,6140010,2016,BFT,17.6361
15757,6140010,2017,BFT,84.5802
15758,6140010,2019,BFT,60.30081
15759,6140010,2020,BFT,41.96452
15760,6140010,2021,BFT,45.77496
15761,6140010,2022,BFT,10.99127
15762,6140010,2023,BFT,3.5074
15763,6140015,1990,BFT,1.3
15764,6140015,1991,BFT,541.6
15765,6140015,1992,BFT,354.09999999999997
15766,6140015,1993,BFT,179.0
15767,6140015,1994,BFT,390.5
15768,6140015,1995,BFT,1071.7
15769,6140015,2000,BFT,4.6
15770,6140015,2001,BFT,902.29
15771,6140015,2002,BFT,977.04
15772,6140015,2003,BFT,1138.921
15773,6140015,2004,BFT,827.1980000000001
15774,6140015,2005,BFT,1017.152
15775,6140015,2006,BFT,1022.648
15776,6140015,2007,BFT,1323.5515
15777,6140015,2008,BFT,1204.2142999999999
15778,6140015,2009,BFT,640.7576
15779,6140015,2010,BFT,497.14067
15780,6140015,2011,BFT,375.47373999999996
15781,6140015,2012,BFT,373.787
15782,6140015,2013,BFT,388.987
15783,6140015,2014,BFT,386.9599099999999
15784,6140015,2015,BFT,457.89198000000005
15785,6140015,2016,BFT,519.1349299999999
15786,6140015,2017,BFT,635.26702
15787,6140015,2018,BFT,743.95754
15788,6140015,2019,BFT,826.5884900000001
15789,6140015,2020,BFT,902.98431
15790,6140015,2021,BFT,895.9227199999999
15791,6140015,2022,BFT,818.13866
15792,6140015,2023,BFT,987.5431
15793,6140020,2007,BFT,4025.79
15794,6140025,2012,BFT,3.957
15795,6140025,2021,BFT,6.162
16196,6145010,2009,BFT,4.0635
16197,6145010,2019,BFT,0.18193
16199,6150000,2006,BFT,0.0032
16201,6150000,2009,BFT,0.5615
16206,6150000,2018,BFT,0.08
16207,6150000,2019,BFT,0.11
16208,6150000,2020,BFT,0.2
16209,6150000,2022,BFT,0.0442
16211,6155000,1980,BFT,47.0
16212,6155000,1981,BFT,102.7
16213,6155000,2017,BFT,12.221
16214,6155000,2020,BFT,0.997
16216,6160000,1979,BFT,59.7
16217,6160000,1980,BFT,237.9
16218,6160000,1981,BFT,59.8
16219,6160000,1983,BFT,0.8
16220,6160000,1984,BFT,241.6
16221,6160000,1986,BFT,24.0
16222,6160000,2017,BFT,17.313000000000002
16223,6160000,2019,BFT,25.635
16224,6160000,2020,BFT,132.69099999999997
16225,6160000,2021,BFT,135.427
16226,6160000,2022,BFT,87.59500000000001
16227,6160000,2023,BFT,89.812
16228,6160005,2016,BFT,39.64
16229,6160005,2017,BFT,16.906
16230,6160005,2018,BFT,10.508
16231,6160005,2019,BFT,22.063999999999997
16232,6160005,2020,BFT,55.784
16233,6160005,2021,BFT,7.599
16234,6160005,2022,BFT,6.04
16235,6160005,2023,BFT,21.037
16236,6160010,2015,BFT,2.0076
16237,6160010,2020,BFT,0.35
16238,6160010,2023,BFT,0.302
16239,6160015,2015,BFT,20.1212
16240,6160015,2021,BFT,0.54
16241,6160020,2014,BFT,25.564
16242,6160020,2015,BFT,4.83826
16243,6165010,2020,BFT,0.347
16244,6165010,2023,BFT,0.358
16266,6200000,1977,BFT,1.2
16305,6200000,1996,BFT,0.118
16312,6200000,1999,BFT,1.2
16429,6200005,2000,BFT,1.9
16542,6200010,2000,BFT,1.8
22300,6210005,1977,BFT,4.6
22334,6210005,2003,BFT,0.081
25011,6215000,2001,BFT,0.038
27631,6220005,1979,BFT,1.2
27644,6220005,1985,BFT,3.6
27647,6220005,1986,BFT,1.2
27663,6220005,1996,BFT,0.035
27734,6220010,1976,BFT,0.6
27737,6220010,1977,BFT,1.2
27772,6220010,2001,BFT,0.507
27783,6220010,2006,BFT,2.235
29911,6225000,1976,BFT,0.2
29914,6225000,1977,BFT,1.2
29921,6225000,1980,BFT,1.2
29931,6225000,1985,BFT,6.0
30034,6225005,1980,BFT,1.2
30047,6225005,1986,BFT,69.6
30054,6225005,1989,BFT,10.8
30066,6225005,1996,BFT,0.599
30139,6225010,1976,BFT,0.2
30146,6225010,1979,BFT,2.4
30181,6225010,1996,BFT,0.094
32642,6230005,1976,BFT,0.1
32645,6230005,1977,BFT,1.2
32660,6230005,1985,BFT,1.2
32665,6230005,1987,BFT,1.2
32670,6230005,1989,BFT,10.8
32683,6230005,1995,BFT,0.899
32686,6230005,1996,BFT,1.256
32761,6230010,1977,BFT,3.5999999999999996
32766,6230010,1979,BFT,3.6
32779,6230010,1985,BFT,2.4
32782,6230010,1986,BFT,120.0
32785,6230010,1987,BFT,1.2
32790,6230010,1989,BFT,1.2
32805,6230010,1996,BFT,0.21500000000000002
32826,6230010,2006,BFT,0.04
32878,6230015,1976,BFT,0.2
32881,6230015,1977,BFT,18.6
32884,6230015,1978,BFT,3.5
32960,6230015,2016,SBF,2.3413999999999997
32965,6230015,2018,SBF,2.2399999999999998
32968,6230015,2019,SBF,1.38
32971,6230015,2020,SBF,1.9895
32974,6230015,2021,SBF,1.38
32977,6230015,2022,SBF,0.78315
34619,6230110,1983,SBF,6.8999999999999995
34683,6230115,1982,SBF,153.0
34684,6230115,1983,SBF,629.4
34685,6230115,1984,SBF,420.5
34686,6230115,1985,SBF,184.7
34687,6230115,1986,SBF,68.5
34688,6230115,1987,SBF,93.8
34689,6230115,1988,SBF,81.3
34690,6230115,1990,SBF,2.4000000000000004
34719,6230120,1982,SBF,77.8
34720,6230120,1983,SBF,2594.2000000000003
34721,6230120,1984,SBF,2261.4
34722,6230120,1985,SBF,725.5
34723,6230120,1986,SBF,450.7
34724,6230120,1987,SBF,190.79999999999998
34725,6230120,1988,SBF,87.10000000000001
34726,6230120,1989,SBF,50.8
34727,6230120,1990,SBF,46.7
34741,6230125,1978,SBF,24.0
34742,6230125,1982,SBF,491.3
34743,6230125,1983,SBF,5154.5
34744,6230125,1984,SBF,5637.9
34745,6230125,1985,SBF,5926.3
34746,6230125,1986,SBF,5530.8
34747,6230125,1987,SBF,5022.9
34748,6230125,1988,SBF,1378.9
34749,6230125,1989,SBF,419.5
34750,6230125,1990,SBF,774.9
34757,6230125,2007,SBF,160.2
34758,6230130,1976,SBF,259.6
34759,6230130,1977,SBF,1791.1
34760,6230130,1978,SBF,1751.9
34761,6230130,1979,SBF,492.5
34762,6230130,1980,SBF,1126.1
34763,6230130,1981,SBF,1291.6
34764,6230130,1982,SBF,6812.2
34765,6230130,1983,SBF,5353.5
34766,6230130,1984,SBF,2430.5
34767,6230130,1985,SBF,2088.2
34768,6230130,1986,SBF,3269.1
34769,6230130,1987,SBF,1964.5
34770,6230130,1988,SBF,2100.4
34771,6230130,1989,SBF,1386.1
34772,6230130,1990,SBF,1730.4
34773,6230130,1991,SBF,857.9000000000001
34775,6230130,1992,SBF,817.4
34777,6230130,1993,SBF,504.79999999999995
34779,6230130,1994,SBF,1066.7440000000001
34782,6230130,1995,SBF,2270.649
34784,6230130,1996,SBF,3021.852
34786,6230130,1997,SBF,3971.391
34788,6230130,1998,SBF,3898.7
34789,6230130,1999,SBF,3976.0
34791,6230130,2000,SBF,4731.2
34794,6230130,2001,SBF,4319.0
34797,6230130,2002,SBF,4354.5
34799,6230130,2003,SBF,4599.35
34800,6230130,2004,SBF,4499.582
34801,6230130,2005,SBF,4667.3
34802,6230130,2006,SBF,4899.25
34803,6230130,2007,SBF,4230.72
34804,6230130,2008,SBF,4235.75
34805,6230130,2009,SBF,3876.9
34806,6230130,2010,SBF,2422.0
34807,6230130,2011,SBF,3030.65
34808,6230130,2012,SBF,1707.9
34810,6230135,1976,SBF,37.0
34811,6230135,1977,SBF,230.5
34812,6230135,1978,SBF,32.7
34813,6230135,1979,SBF,130.1
34814,6230135,1980,SBF,69.8
34815,6230135,1982,SBF,25.5
34816,6230135,1983,SBF,26.400000000000002
34817,6230135,1993,SBF,23.0
34846,6230150,1977,SBF,64.8
34848,6230150,1978,SBF,5.5
35527,6235005,1976,BFT,1.2
35540,6235005,1982,BFT,1.2
35547,6235005,1986,BFT,1.2
35564,6235005,1996,BFT,0.369
35631,6235010,1976,BFT,0.5
35634,6235010,1977,BFT,2.5
35637,6235010,1978,BFT,13.9
35640,6235010,1979,BFT,1.2
35643,6235010,1980,BFT,4.8
35646,6235010,1981,BFT,6.0
35651,6235010,1983,BFT,4.8
35660,6235010,1987,BFT,13.2
35665,6235010,1989,BFT,1.2
35679,6235010,1996,BFT,0.9299999999999999
35740,6235015,1976,BFT,4.1
35753,6235015,1982,BFT,1.2
35764,6235015,1987,BFT,1.2
35769,6235015,1989,BFT,1.2
35784,6235015,1996,BFT,1.024
35801,6235015,2004,BFT,0.33292
37314,6235115,1982,SBF,1103.7
37315,6235115,1983,SBF,1013.9
37316,6235115,1984,SBF,672.5
37317,6235115,1985,SBF,729.4000000000001
37318,6235115,1986,SBF,199.2
37319,6235115,1987,SBF,366.70000000000005
37320,6235115,1988,SBF,175.7
37321,6235115,1989,SBF,26.6
37355,6235130,1977,SBF,213.89999999999998
37356,6235130,1978,SBF,220.1
37357,6235130,1979,SBF,3.5
37358,6235130,1980,SBF,114.3
37359,6235130,1981,SBF,341.6
37360,6235130,1982,SBF,573.5
37361,6235130,1983,SBF,70.5
37362,6235130,1984,SBF,9.1
37363,6235130,1988,SBF,7.5
37365,6235130,1992,SBF,178.6
37367,6235130,1993,SBF,80.0
37372,6235130,1997,SBF,58.0
37378,6235130,2009,SBF,142.8
37379,6235130,2012,SBF,739.0
37382,6235130,2019,SBF,325.6
37383,6235130,2020,SBF,214.0
37384,6235130,2021,SBF,410.1
37385,6235130,2023,SBF,434.4
37386,6235135,1976,SBF,53.0
37387,6235135,1977,SBF,1793.3000000000002
37388,6235135,1978,SBF,869.4
37389,6235135,1979,SBF,262.0
37390,6235135,1980,SBF,163.8
37391,6235135,1981,SBF,109.1
37392,6235135,1982,SBF,961.1
37393,6235135,1983,SBF,32.5
37394,6235135,1984,SBF,38.1
37396,6235135,1992,SBF,129.4555
37399,6235135,1993,SBF,19.5
37405,6235135,2012,SBF,908.7
37406,6235135,2013,SBF,2552.0
37408,6235135,2014,SBF,3608.5
37409,6235135,2015,SBF,4503.700000000001
37410,6235135,2016,SBF,2207.3
37411,6235135,2017,SBF,2119.05
37412,6235135,2018,SBF,4288.46
37413,6235135,2019,SBF,3192.4
37414,6235135,2020,SBF,2090.5
37415,6235135,2021,SBF,2000.6
37416,6235135,2022,SBF,2277.55
37417,6235135,2023,SBF,2258.568
37420,6235140,1982,SBF,28.9
37421,6235140,1983,SBF,29.5
37423,6235145,1977,SBF,118.0
37424,6235145,1978,SBF,452.5
37426,6235145,1979,SBF,0.5
37427,6235145,1982,SBF,51.5
37483,6235150,1975,SBF,59.8
37486,6235150,1976,SBF,77.2
37489,6235150,1977,SBF,917.0
37492,6235150,1978,SBF,641.1999999999999
37495,6235150,1979,SBF,14.0
37498,6235150,1980,SBF,123.8
37501,6235150,1981,SBF,2297.0
37504,6235150,1982,SBF,1454.9
37507,6235150,1983,SBF,864.4
37510,6235150,1984,SBF,101.1
37523,6235150,1992,SBF,14.9
38006,6240010,1996,BFT,0.527
38009,6240010,2000,BFT,7.7
38040,6240015,1996,BFT,0.139
38044,6240015,2000,BFT,2.7
38048,6240015,2004,BFT,2.81764
38670,6300000,1976,BFT,6.0
38675,6300000,1978,BFT,3.5
38678,6300000,1979,BFT,1.2
38681,6300000,1980,BFT,1.2
38712,6300000,1995,BFT,0.715
38721,6300000,1999,BFT,0.5
38787,6300005,1976,BFT,8.4
38790,6300005,1977,BFT,3.5
38793,6300005,1978,BFT,2.3
38836,6300005,1999,BFT,1.2
38901,6300010,1976,BFT,3.0
38904,6300010,1977,BFT,9.9
38907,6300010,1978,BFT,9.3
38912,6300010,1980,BFT,16.8
38945,6300010,1996,BFT,0.177
38952,6300010,1999,BFT,3.872
39017,6300015,1976,BFT,3.2
39020,6300015,1977,BFT,4.699999999999999
39023,6300015,1978,BFT,1.2
39026,6300015,1979,BFT,3.5999999999999996
39029,6300015,1980,BFT,34.800000000000004
39062,6300015,1996,BFT,0.047
39133,6300020,1976,BFT,1.0
39136,6300020,1977,BFT,1.2
39139,6300020,1978,BFT,2.3
39144,6300020,1980,BFT,2.4
39155,6300020,1985,BFT,48.0
39178,6300020,1996,BFT,0.189
39251,6300025,1976,BFT,1.2
39254,6300025,1977,BFT,2.3
39257,6300025,1978,BFT,0.8
39294,6300025,1996,BFT,0.059
39301,6300025,1999,BFT,0.1
39310,6300025,2003,BFT,0.605
39349,6300025,2022,BFT,0.004
39374,6300030,1981,BFT,1.2
39382,6300030,1985,BFT,3.6
39419,6300030,2003,BFT,0.04
39558,6300040,1982,BFT,1.2
40260,6300110,1998,PBF,1.11
40390,6300120,1987,PBF,0.1
40571,6300130,2001,PBF,1.9100000000000001
40648,6300135,2001,PBF,0.32
40725,6300140,2001,PBF,3.31
40728,6300140,2002,PBF,0.9
40804,6300145,1999,PBF,0.13
40809,6300145,2001,PBF,1.18
41741,6305005,1977,BFT,1.2
41854,6305010,1977,BFT,1.2
41896,6305010,1998,BFT,1.439
41965,6305015,1977,BFT,9.3
41970,6305015,1979,BFT,1.2
41973,6305015,1980,BFT,14.399999999999999
41986,6305015,1986,BFT,0.9
42005,6305015,1995,BFT,0.292
42074,6305020,1976,BFT,2.2
42079,6305020,1978,BFT,27.9
42086,6305020,1981,BFT,3.6
42097,6305020,1986,BFT,0.8
42116,6305020,1995,BFT,0.237
42121,6305020,1997,BFT,0.265
42134,6305020,2003,BFT,0.119
42193,6305025,1976,BFT,1.2
42196,6305025,1977,BFT,3.5
42199,6305025,1978,BFT,2.3
42202,6305025,1979,BFT,4.8
42205,6305025,1980,BFT,3.6
42208,6305025,1981,BFT,7.2
42211,6305025,1982,BFT,3.5999999999999996
42310,6305030,1976,BFT,6.0
42315,6305030,1978,BFT,0.2
42403,6305035,1976,BFT,5.3999999999999995
43030,6305110,1991,PBF,0.23
43203,6305120,1999,PBF,0.43999999999999995
43280,6305125,1999,PBF,0.54
43287,6305125,2002,PBF,0.27
43363,6305130,1998,PBF,0.16
43366,6305130,1999,PBF,1.21
43371,6305130,2001,PBF,0.59
43422,6305135,1970,PBF,0.17
43439,6305135,1991,PBF,0.3
43510,6305140,1968,PBF,0.1
43513,6305140,1970,PBF,0.17
43530,6305140,1989,PBF,1.85
43535,6305140,1991,PBF,0.46
43548,6305140,1997,PBF,0.81
43553,6305140,1999,PBF,0.22
43556,6305140,2000,PBF,0.19
43559,6305140,2001,PBF,0.26
43614,6305145,1969,PBF,0.07
43617,6305145,1970,PBF,0.7000000000000001
43620,6305145,1971,PBF,0.38
43623,6305145,1972,PBF,0.51
43636,6305145,1979,PBF,0.24
43649,6305145,1989,PBF,0.09
43652,6305145,1990,PBF,8.49
43655,6305145,1991,PBF,1.12
43670,6305145,1998,PBF,0.6000000000000001
43673,6305145,1999,PBF,1.04
43676,6305145,2000,PBF,0.35
43679,6305145,2001,PBF,1.1
43702,6305145,2012,PBF,0.47
44615,6310005,1976,BFT,1.8
44639,6310005,1995,BFT,0.139
44718,6310010,1978,BFT,5.8
44824,6310015,1979,BFT,2.4
44928,6310020,1978,BFT,5.9
44933,6310020,1980,BFT,1.2
45030,6310025,1976,BFT,7.2
45033,6310025,1977,BFT,1.2
45036,6310025,1978,BFT,2.4
45053,6310025,1986,BFT,2.4
45056,6310025,1987,BFT,2.4
45077,6310025,1997,BFT,0.278
45147,6310030,1977,BFT,1.2
45150,6310030,1978,BFT,3.5
45330,6310075,1993,PBF,1.74
46052,6310120,1978,PBF,0.77
46057,6310120,1982,PBF,0.07
46140,6310125,1969,PBF,0.21
46145,6310125,1971,PBF,7.92
46148,6310125,1972,PBF,2.05
46155,6310125,1978,PBF,1.16
46161,6310125,1982,PBF,0.12
46191,6310125,1998,PBF,0.04
46216,6310125,2010,PBF,0.93
46223,6310125,2013,PBF,0.78
46246,6310130,1967,PBF,0.2
46249,6310130,1968,PBF,0.2
46252,6310130,1969,PBF,0.14
46255,6310130,1970,PBF,0.08
46258,6310130,1971,PBF,3.19
46261,6310130,1972,PBF,14.52
46272,6310130,1978,PBF,1.54
46275,6310130,1979,PBF,0.33
46280,6310130,1982,PBF,0.98
46313,6310130,1998,PBF,0.28
46316,6310130,1999,PBF,1.17
46319,6310130,2000,PBF,0.41
46322,6310130,2001,PBF,0.74
46369,6310135,1967,PBF,0.4
46372,6310135,1968,PBF,0.4
46377,6310135,1970,PBF,0.35
46380,6310135,1971,PBF,3.44
46383,6310135,1972,PBF,2.21
46388,6310135,1974,PBF,0.33
46395,6310135,1977,PBF,1.65
46416,6310135,1988,PBF,0.26
46423,6310135,1991,PBF,0.13
46440,6310135,1999,PBF,2.03
46481,6310135,2019,PBF,0.11
46490,6310135,2023,PBF,0.1
46497,6310140,1967,PBF,0.67
46502,6310140,1969,PBF,0.21
46505,6310140,1970,PBF,3.01
46508,6310140,1971,PBF,2.42
46511,6310140,1972,PBF,2.21
46514,6310140,1973,PBF,0.33
46517,6310140,1974,PBF,16.37
46520,6310140,1975,PBF,4.48
46525,6310140,1977,PBF,1.1
46530,6310140,1979,PBF,0.07
46539,6310140,1984,PBF,0.1
46573,6310140,2001,PBF,0.36
46616,6310140,2022,PBF,0.08
46619,6310140,2023,PBF,0.28
46628,6310145,1967,PBF,0.27
46633,6310145,1969,PBF,0.21000000000000002
46636,6310145,1970,PBF,8.35
46639,6310145,1971,PBF,1.3900000000000001
46642,6310145,1972,PBF,2.89
46649,6310145,1975,PBF,7.64
46670,6310145,1987,PBF,0.16
46677,6310145,1990,PBF,2.35
46694,6310145,1998,PBF,2.04
46701,6310145,2001,PBF,0.04
46742,6310145,2021,PBF,0.08
46745,6310145,2022,PBF,0.43000000000000005
47435,6315000,1985,BFT,1.2
47689,6315015,1976,BFT,0.2
47706,6315015,1985,BFT,7.199999999999999
47733,6315015,1999,BFT,0.1
47805,6315020,1979,BFT,1.2
47826,6315020,1989,BFT,84.0
47844,6315020,1998,BFT,0.4
47847,6315020,1999,BFT,0.1
47911,6315025,1976,BFT,0.5
47918,6315025,1979,BFT,7.2
47933,6315025,1986,BFT,8.4
47940,6315025,1989,BFT,14.4
48022,6315030,1976,BFT,6.0
48069,6315030,1999,BFT,0.1
48132,6315035,1977,BFT,0.1
48137,6315035,1979,BFT,0.1
48144,6315035,1982,BFT,0.2
48729,6315110,1979,PBF,0.27
48816,6315115,1973,PBF,1.0
48827,6315115,1979,PBF,0.48
48834,6315115,1982,PBF,2.01
48919,6315120,1967,PBF,1.95
48922,6315120,1968,PBF,0.5
48927,6315120,1970,PBF,1.06
48934,6315120,1973,PBF,8.91
48941,6315120,1977,PBF,1.64
48946,6315120,1979,PBF,0.38
48951,6315120,1981,PBF,0.48
48954,6315120,1982,PBF,1.13
48965,6315120,1987,PBF,0.17
48998,6315120,2003,PBF,0.62
49043,6315125,1967,PBF,1.47
49046,6315125,1968,PBF,0.4
49051,6315125,1970,PBF,22.4
49054,6315125,1971,PBF,3.18
49057,6315125,1972,PBF,1.36
49060,6315125,1973,PBF,6.89
49073,6315125,1979,PBF,0.22
49078,6315125,1981,PBF,0.08
49081,6315125,1982,PBF,1.09
49084,6315125,1983,PBF,0.12
49102,6315125,1992,PBF,4.17
49111,6315125,1996,PBF,0.42
49118,6315125,1999,PBF,0.07
49145,6315125,2012,PBF,0.03
49172,6315130,1967,PBF,2.7600000000000002
49175,6315130,1968,PBF,2.7
49178,6315130,1969,PBF,0.07
49183,6315130,1971,PBF,1.2600000000000002
49186,6315130,1972,PBF,3.76
49189,6315130,1973,PBF,0.16
49192,6315130,1974,PBF,2.72
49215,6315130,1985,PBF,0.09
49220,6315130,1987,PBF,0.73
49231,6315130,1992,PBF,6.84
49242,6315130,1997,PBF,0.57
49245,6315130,1998,PBF,0.65
49248,6315130,1999,PBF,0.5700000000000001
49275,6315130,2012,PBF,0.01
49301,6315135,1967,PBF,0.46
49304,6315135,1968,PBF,1.7
49309,6315135,1970,PBF,0.26
49312,6315135,1971,PBF,0.37
49317,6315135,1973,PBF,0.16
49320,6315135,1974,PBF,33.410000000000004
49327,6315135,1977,PBF,0.54
49330,6315135,1978,PBF,0.96
49403,6315135,2023,PBF,0.1
49418,6315140,1973,PBF,0.33
49421,6315140,1974,PBF,2.71
49424,6315140,1975,PBF,1.57
49430,6315140,1978,PBF,0.77
49503,6315140,2022,PBF,0.08
49518,6315145,1972,PBF,2.73
49600,6315145,2021,PBF,0.1
49603,6315145,2022,PBF,0.67
49606,6315145,2023,PBF,0.59
50301,6320010,1987,BFT,2.4
50375,6320015,1999,BFT,0.1
50470,6320020,1998,BFT,0.5
50473,6320020,1999,BFT,0.8999999999999999
50488,6320020,2006,BFT,11.673
50536,6320025,1976,BFT,12.0
50633,6320030,1976,BFT,1.2
50636,6320030,1977,BFT,1.2
50639,6320030,1978,BFT,1.2
50654,6320030,1985,BFT,1.2
50745,6320035,1976,BFT,0.1
50748,6320035,1977,BFT,0.1
50753,6320035,1979,BFT,0.2
51306,6320115,1973,PBF,0.32
51395,6320120,1977,PBF,4.93
51398,6320120,1978,PBF,0.96
51479,6320125,1967,PBF,0.27
51482,6320125,1968,PBF,0.6
51581,6320130,1967,PBF,0.27
51584,6320130,1968,PBF,0.2
51669,6320135,1967,PBF,0.06
51682,6320135,1974,PBF,0.33
51911,6320145,2022,PBF,0.41
52408,6325005,1976,BFT,0.4
52425,6325005,1986,BFT,2.4
52583,6325015,1985,BFT,3.6
52713,6325025,1977,BFT,1.2
52730,6325025,1985,BFT,3.6
52748,6325025,1998,BFT,0.30000000000000004
52796,6325030,1977,BFT,1.2
52801,6325030,1979,BFT,2.4
52834,6325030,1998,BFT,0.4
52836,6325030,1999,BFT,0.3
52894,6325035,1976,BFT,1.2
53001,6325040,1977,BFT,3.5
53004,6325040,1978,BFT,13.2
53055,6325040,2003,BFT,0.062
53093,6325040,2022,BFT,0.019
53116,6325045,1980,BFT,0.1
53163,6325045,2003,BFT,9.453
53445,6325130,1974,PBF,0.85
53456,6325130,1988,PBF,0.1
53515,6325135,1967,PBF,0.06
53618,6325140,1970,PBF,0.17
53627,6325140,1974,PBF,0.33
53650,6325140,1988,PBF,0.03
53706,6325145,1974,PBF,0.17
54539,6330005,1976,BFT,1.2
54553,6330005,1986,BFT,6.0
54706,6330015,1976,BFT,0.1
55044,6330035,1999,BFT,0.1
55104,6330040,1977,BFT,3.5
55218,6330045,1978,BFT,0.6
55221,6330045,1979,BFT,3.1
55224,6330045,1980,BFT,0.2
55229,6330045,1982,BFT,0.5
55232,6330045,1983,BFT,0.30000000000000004
55239,6330045,1986,BFT,0.3
55242,6330045,1987,BFT,0.2
55245,6330045,1988,BFT,0.4
55248,6330045,1989,BFT,0.2
55251,6330045,1990,BFT,0.1
55278,6330045,2003,BFT,4.475
55316,6330045,2022,BFT,0.018
55337,6330050,1978,BFT,13.0
55340,6330050,1979,BFT,8.799999999999999
55343,6330050,1980,BFT,1.3
55346,6330050,1981,BFT,2.9
55349,6330050,1982,BFT,4.1
55352,6330050,1983,BFT,0.5
55355,6330050,1984,BFT,0.1
55362,6330050,1987,BFT,1.4
55365,6330050,1988,BFT,0.4
55368,6330050,1989,BFT,1.4
55371,6330050,1990,BFT,0.9000000000000001
55374,6330050,1991,BFT,0.2
55377,6330050,1992,BFT,0.4
55434,6330050,2022,BFT,0.001
55496,6330105,2015,PBF,0.08
55776,6330135,1993,PBF,0.16
55845,6330140,1978,PBF,0.77
55919,6330145,1971,PBF,0.25
55927,6330145,1978,PBF,0.38
55941,6330145,1987,PBF,0.24
56386,6335000,1976,BFT,2.4
56391,6335000,1978,BFT,4.6
56403,6335000,1989,BFT,13.2
56624,6335020,1982,BFT,2.4
56632,6335020,1989,BFT,42.0
56855,6335040,1977,BFT,1.2
56889,6335040,1995,BFT,1.363
56968,6335045,1983,BFT,0.1
56975,6335045,1986,BFT,0.4
56982,6335045,1989,BFT,0.2
56985,6335045,1990,BFT,0.1
56996,6335045,1995,BFT,0.209
57075,6335050,1981,BFT,0.30000000000000004
57079,6335050,1983,BFT,0.3
57084,6335050,1986,BFT,0.1
57087,6335050,1987,BFT,0.5
57090,6335050,1988,BFT,0.1
57230,6335125,1987,PBF,0.65
57348,6335140,1982,PBF,0.34
57655,6340010,1978,BFT,2.3
57686,6340025,1987,BFT,1.2
57791,6340040,1999,BFT,0.428
57824,6340045,1985,BFT,0.6
57918,6340105,1987,PBF,0.17
58032,6350060,2010,BFT,10.405
58033,6350065,2010,BFT,8.549
58040,6360020,2022,BFT,0.245
58060,6400000,1976,BFT,0.9
58063,6400000,1977,BFT,5.8
58066,6400000,1978,BFT,7.0
58075,6400000,1982,BFT,13.2
58104,6400000,1996,BFT,0.047
58111,6400000,1999,BFT,0.1
58120,6400000,2003,BFT,0.43
58294,6400010,1977,BFT,10.6
58351,6400010,2005,BFT,0.363
58404,6400015,1976,BFT,0.6
58407,6400015,1977,BFT,1.2
58410,6400015,1978,BFT,0.8
58417,6400015,1981,BFT,1.2
58454,6400015,1999,BFT,0.2
58521,6400020,1977,BFT,12.8
58524,6400020,1978,BFT,0.8
58529,6400020,1980,BFT,6.0
58532,6400020,1981,BFT,1.2
58581,6400020,2005,BFT,1.27
58634,6400025,1976,BFT,3.6
58637,6400025,1977,BFT,4.1
58640,6400025,1978,BFT,2.3
58647,6400025,1981,BFT,2.4
58658,6400025,1986,BFT,2.4
58685,6400025,1999,BFT,0.6
58694,6400025,2003,BFT,32.785
58753,6400030,1976,BFT,1.2
58756,6400030,1977,BFT,27.8
58763,6400030,1980,BFT,6.199999999999999
58776,6400030,1986,BFT,3.6
58797,6400030,1996,BFT,0.059
58812,6400030,2003,BFT,2.41
58819,6400030,2006,BFT,0.25
58852,6400030,2022,BFT,0.001
58869,6400035,1976,BFT,5.8
58872,6400035,1977,BFT,3.9
58875,6400035,1978,BFT,2.4
58978,6400040,1976,BFT,2.4
58981,6400040,1977,BFT,4.699999999999999
58984,6400040,1978,BFT,11.6
59082,6400045,1977,BFT,5.8
59672,6400095,1997,PBF,1.67
59675,6400095,1998,PBF,0.15
59678,6400095,1999,PBF,0.48
61607,6405010,1976,BFT,1.2
61610,6405010,1977,BFT,11.6
61613,6405010,1978,BFT,1.2
61627,6405010,1985,BFT,25.2
61721,6405015,1976,BFT,0.6
61724,6405015,1977,BFT,6.7
61727,6405015,1978,BFT,1.2
61732,6405015,1980,BFT,2.4
61735,6405015,1981,BFT,2.4
61766,6405015,1996,BFT,0.695
61839,6405020,1976,BFT,5.8
61844,6405020,1978,BFT,17.4
61849,6405020,1980,BFT,14.4
61860,6405020,1985,BFT,2.4
61895,6405020,2002,BFT,10.200000000000001
61956,6405025,1976,BFT,1.7999999999999998
61959,6405025,1977,BFT,26.4
61962,6405025,1978,BFT,4.7
61967,6405025,1980,BFT,3.5999999999999996
61974,6405025,1983,BFT,0.1
61977,6405025,1984,BFT,19.2
61980,6405025,1985,BFT,1.2
61985,6405025,1987,BFT,2.4
62018,6405025,2003,BFT,6.92012
62055,6405025,2021,BFT,75.27
62078,6405030,1976,BFT,3.5
62081,6405030,1977,BFT,25.8
62084,6405030,1978,BFT,3.5999999999999996
62087,6405030,1979,BFT,10.8
62090,6405030,1980,BFT,2.5999999999999996
62093,6405030,1981,BFT,3.5999999999999996
62102,6405030,1985,BFT,1.2
62105,6405030,1986,BFT,1.2
62124,6405030,1995,BFT,0.061
62127,6405030,1996,BFT,0.499
62142,6405030,2003,BFT,0.245
62155,6405030,2009,BFT,0.125
62182,6405030,2022,BFT,0.001
62203,6405035,1976,BFT,1.4
62210,6405035,1979,BFT,3.6
62213,6405035,1980,BFT,2.8
62216,6405035,1981,BFT,3.5999999999999996
62261,6405035,2003,BFT,0.15
62300,6405035,2022,BFT,0.008
62317,6405040,1976,BFT,6.0
62320,6405040,1977,BFT,7.3
62325,6405040,1979,BFT,1.2
62338,6405040,1985,BFT,14.4
62385,6405040,2008,BFT,0.04
62414,6405040,2022,BFT,0.001
62427,6405045,1976,BFT,0.6
62430,6405045,1977,BFT,11.6
62447,6405045,1985,BFT,0.1
62538,6405050,1979,BFT,1.2
62629,6405055,1976,BFT,2.4
62632,6405055,1977,BFT,1.2
63058,6405090,1987,PBF,0.08
64116,6405145,2002,PBF,0.09
64992,6410015,1977,BFT,11.6
64995,6410015,1978,BFT,30.8
65000,6410015,1980,BFT,1.2
65057,6410015,2008,BFT,0.12514
65108,6410020,1977,BFT,11.6
65111,6410020,1978,BFT,5.8
65166,6410020,2005,BFT,0.37
65169,6410020,2006,BFT,0.845
65222,6410025,1976,BFT,7.4
65225,6410025,1977,BFT,1.2
65228,6410025,1978,BFT,1.2
65265,6410025,1996,BFT,0.201
65320,6410025,2023,BFT,0.6001
65341,6410030,1978,BFT,7.0
65346,6410030,1980,BFT,10.8
65349,6410030,1981,BFT,1.2
65403,6410030,2009,BFT,0.607
65450,6410035,1977,BFT,3.9
65453,6410035,1978,BFT,5.8
65458,6410035,1980,BFT,4.0
65463,6410035,1982,BFT,14.4
65470,6410035,1985,BFT,7.2
65557,6410040,1976,BFT,0.6
65566,6410040,1980,BFT,2.4
65569,6410040,1981,BFT,1.2
65665,6410045,1976,BFT,0.7
65684,6410045,1985,BFT,22.900000000000002
65770,6410050,1976,BFT,1.4
65873,6410055,1976,BFT,1.2
65980,6410060,1976,BFT,0.6
65983,6410060,1977,BFT,9.1
65988,6410060,1979,BFT,16.8
66021,6410060,1996,BFT,0.5599999999999999
66093,6410065,1976,BFT,1.2
66100,6410065,1979,BFT,0.2
66205,6410070,1976,BFT,44.5
66208,6410070,1977,BFT,2.3
66211,6410070,1978,BFT,5.8
66214,6410070,1979,BFT,0.6
66225,6410070,1985,BFT,0.7
66275,6410075,1976,BFT,1.0
66278,6410075,1977,BFT,1.0
67996,6415015,1976,BFT,3.4
68001,6415015,1978,BFT,3.0999999999999996
68034,6415015,1994,BFT,0.2
68045,6415015,1999,BFT,282.5
68058,6415015,2005,BFT,0.19
68112,6415020,1976,BFT,10.2
68117,6415020,1978,BFT,5.8
68124,6415020,1981,BFT,2.4
68220,6415025,1976,BFT,6.8
68235,6415025,1983,BFT,10.0
68420,6415035,1976,BFT,0.2
68423,6415035,1977,BFT,9.9
68426,6415035,1978,BFT,4.6
68431,6415035,1980,BFT,2.1
68525,6415040,1976,BFT,1.2
68528,6415040,1977,BFT,1.2
68531,6415040,1978,BFT,3.5
68536,6415040,1980,BFT,3.0
68628,6415045,1976,BFT,2.4
68631,6415045,1977,BFT,1.2
68637,6415045,1980,BFT,7.199999999999999
68640,6415045,1981,BFT,1.2
68732,6415050,1976,BFT,2.4
68737,6415050,1978,BFT,3.5999999999999996
68742,6415050,1980,BFT,1.0
68757,6415050,1987,BFT,6.0
68760,6415050,1989,BFT,1.2
68841,6415055,1976,BFT,6.7
68846,6415055,1978,BFT,7.6
68849,6415055,1979,BFT,2.4
68852,6415055,1980,BFT,12.0
68869,6415055,1989,BFT,1.2
68877,6415055,1996,BFT,0.04
68949,6415060,1976,BFT,2.3
68952,6415060,1977,BFT,2.4
68955,6415060,1978,BFT,3.5
68960,6415060,1980,BFT,20.400000000000002
68967,6415060,1983,BFT,1.2
68978,6415060,1989,BFT,3.6
68985,6415060,1995,BFT,1.1929999999999998
69022,6415060,2014,BFT,0.01
69025,6415060,2015,BFT,0.003
69028,6415060,2016,BFT,0.002
69031,6415060,2017,BFT,0.004
69058,6415065,1976,BFT,30.099999999999998
69063,6415065,1978,BFT,2.5999999999999996
69068,6415065,1980,BFT,7.2
69128,6415070,1976,BFT,21.7
69143,6415070,1985,BFT,0.4
69180,6415090,1994,BFT,0.6799999999999999
69183,6415090,1995,BFT,0.265
69186,6415090,1996,BFT,0.42
69189,6415090,1998,BFT,0.23
69191,6415090,1999,BFT,0.14
69194,6415090,2000,BFT,9.283999999999999
69197,6415090,2001,BFT,0.675
69200,6415090,2002,BFT,0.3
69203,6415090,2003,BFT,0.38
69206,6415090,2004,BFT,0.13
69209,6415090,2005,BFT,0.15
69212,6415090,2006,BFT,0.8500000000000001
69216,6415090,2008,BFT,0.18
69219,6415090,2009,BFT,0.5800000000000001
69221,6415090,2010,BFT,0.18
69224,6415090,2011,BFT,0.615
69281,6415095,1994,BFT,1.5
69284,6415095,1995,BFT,2.19
69286,6415095,1996,BFT,1.44
69288,6415095,1997,BFT,0.33
69292,6415095,1999,BFT,0.003
69294,6415095,2000,BFT,3.614
69297,6415095,2001,BFT,0.94
69300,6415095,2002,BFT,1.8199999999999998
69305,6415095,2004,BFT,0.54
69308,6415095,2005,BFT,0.289
69311,6415095,2006,BFT,0.4
69314,6415095,2007,BFT,0.3
69318,6415095,2009,BFT,0.4
69327,6415095,2015,BFT,0.15
69330,6415095,2017,BFT,0.47
69337,6415095,2020,BFT,0.26
70268,6420015,1977,BFT,5.8
70271,6420015,1978,BFT,7.0
70302,6420015,1994,BFT,0.6
70313,6420015,1999,BFT,60.0
70362,6420015,2023,BFT,0.54
70374,6420020,1976,BFT,2.8
70379,6420020,1978,BFT,1.2
70414,6420020,2002,BFT,0.8
70418,6420020,2004,BFT,0.37
70421,6420020,2005,BFT,2.7800000000000002
70424,6420020,2006,BFT,5.561
70429,6420020,2008,BFT,0.275
70458,6420020,2022,BFT,0.84169
70472,6420025,1976,BFT,5.9
70475,6420025,1977,BFT,11.6
70480,6420025,1980,BFT,12.0
70611,6420035,1976,BFT,0.1
70616,6420035,1978,BFT,2.0
70703,6420040,1977,BFT,5.8
70706,6420040,1978,BFT,1.2
70789,6420045,1976,BFT,1.8
70792,6420045,1977,BFT,6.8999999999999995
70884,6420050,1977,BFT,1.2
70887,6420050,1978,BFT,4.3
70890,6420050,1979,BFT,1.2
70893,6420050,1980,BFT,6.9
70978,6420055,1976,BFT,0.1
70981,6420055,1977,BFT,1.7
70984,6420055,1978,BFT,3.5
71073,6420060,1976,BFT,1.2999999999999998
71078,6420060,1978,BFT,1.2
71081,6420060,1979,BFT,5.4
71084,6420060,1980,BFT,14.4
71167,6420065,1976,BFT,2.2
71172,6420065,1978,BFT,12.8
71175,6420065,1979,BFT,7.4
71244,6420070,1976,BFT,2.3
71251,6420070,1979,BFT,4.4
71273,6420070,2002,BFT,73.693
71281,6420070,2014,BFT,0.289
71299,6420085,1996,BFT,3.558
71312,6420085,2010,BFT,0.212
71314,6420085,2011,BFT,0.43
71332,6420090,1994,BFT,0.285
71335,6420090,1995,BFT,0.7999999999999999
71338,6420090,1996,BFT,3.343
71341,6420090,1997,BFT,0.225
71344,6420090,1998,BFT,1.56
71347,6420090,1999,BFT,2.745
71350,6420090,2000,BFT,4.595000000000001
71353,6420090,2001,BFT,1.9249999999999998
71356,6420090,2002,BFT,5.052
71359,6420090,2003,BFT,15.294
71362,6420090,2004,BFT,4.235
71365,6420090,2005,BFT,6.881
71368,6420090,2006,BFT,4.11
71371,6420090,2007,BFT,4.44
71374,6420090,2008,BFT,3.502
71377,6420090,2009,BFT,6.068
71380,6420090,2010,BFT,10.296
71383,6420090,2011,BFT,6.713
71386,6420090,2012,BFT,14.366
71389,6420090,2013,BFT,8.251000000000001
71392,6420090,2014,BFT,11.994
71395,6420090,2015,BFT,22.26
71398,6420090,2016,BFT,22.725
71401,6420090,2017,BFT,10.887
71404,6420090,2018,BFT,7.143
71407,6420090,2019,BFT,5.313000000000001
71410,6420090,2020,BFT,10.733
71413,6420090,2021,BFT,21.392
71416,6420090,2022,BFT,5.551
71419,6420090,2023,BFT,12.519
71423,6420095,1994,BFT,1.024
71426,6420095,1995,BFT,1.451
71429,6420095,1996,BFT,5.118
71431,6420095,1997,BFT,0.215
71434,6420095,1998,BFT,1.55
71437,6420095,1999,BFT,1.125
71440,6420095,2000,BFT,4.831
71443,6420095,2001,BFT,5.925
71446,6420095,2002,BFT,4.053999999999999
71449,6420095,2003,BFT,2.243
71452,6420095,2004,BFT,4.713
71455,6420095,2005,BFT,3.19
71458,6420095,2006,BFT,3.055
71461,6420095,2007,BFT,2.3600000000000003
71464,6420095,2008,BFT,1.51
71467,6420095,2009,BFT,2.186
71470,6420095,2010,BFT,1.0390000000000001
71473,6420095,2011,BFT,1.4649999999999999
71476,6420095,2012,BFT,2.6550000000000002
71479,6420095,2013,BFT,3.1999999999999997
71482,6420095,2014,BFT,3.601
71485,6420095,2015,BFT,18.271
71488,6420095,2016,BFT,8.042
71491,6420095,2017,BFT,3.225
71494,6420095,2018,BFT,14.274000000000001
71497,6420095,2019,BFT,1.615
71500,6420095,2020,BFT,0.6599999999999999
71503,6420095,2021,BFT,4.949
71506,6420095,2022,BFT,44.208
71509,6420095,2023,BFT,7.854
71523,6420105,1971,PBF,9.1
71540,6420105,1987,PBF,0.33
71589,6420110,1965,PBF,128.0
71591,6420110,1966,PBF,4362.22
71593,6420110,1967,PBF,263.09999999999997
71595,6420110,1968,PBF,511.40000000000003
71597,6420110,1969,PBF,1213.1
71599,6420110,1970,PBF,61.7
71601,6420110,1971,PBF,2927.4
71603,6420110,1972,PBF,119.6
71605,6420110,1973,PBF,1160.93
71607,6420110,1974,PBF,80.8
71609,6420110,1975,PBF,852.2
71611,6420110,1976,PBF,346.6
71613,6420110,1977,PBF,28.1
71615,6420110,1978,PBF,35.4
71617,6420110,1979,PBF,9.1
71620,6420110,1980,PBF,22.6
71630,6420110,1987,PBF,2.27
71633,6420110,1988,PBF,204.6
71635,6420110,1989,PBF,0.05
71642,6420110,1995,PBF,5.0
71647,6420110,1999,PBF,759.0
71652,6420110,2002,PBF,1.0
71654,6420110,2003,PBF,40.0
71656,6420110,2004,PBF,63.0
71659,6420110,2006,PBF,881.0
71684,6420115,1966,PBF,39.9
71689,6420115,1971,PBF,4.5
71696,6420115,1979,PBF,22.7
71707,6420115,1988,PBF,0.05
72343,6425010,2005,BFT,28.952
72354,6425010,2016,BFT,140.414
72358,6425010,2018,BFT,306.759
72361,6425010,2020,BFT,69.63388
72364,6425010,2021,BFT,57.5
72367,6425010,2022,BFT,43.88
72370,6425010,2023,BFT,91.47
72380,6425015,1975,BFT,978.0
72383,6425015,1976,BFT,832.2
72386,6425015,1977,BFT,1253.5
72389,6425015,1978,BFT,1548.0
72392,6425015,1979,BFT,758.0
72395,6425015,1980,BFT,397.0
72398,6425015,1981,BFT,574.0
72401,6425015,1982,BFT,43.0
72404,6425015,1983,BFT,305.0
72407,6425015,1984,BFT,16.0
72410,6425015,1985,BFT,133.2
72413,6425015,1986,BFT,77.8
72416,6425015,1987,BFT,25.2
72419,6425015,1988,BFT,92.3
72422,6425015,1989,BFT,264.9
72425,6425015,1990,BFT,121.10000000000001
72428,6425015,1991,BFT,58.7
72431,6425015,1992,BFT,28.8
72434,6425015,1993,BFT,31.2
72437,6425015,1994,BFT,56.3
72440,6425015,1995,BFT,4.4
72443,6425015,1996,BFT,156.8
72446,6425015,1997,BFT,360.4
72449,6425015,1998,BFT,39.7
72452,6425015,1999,BFT,33.339999999999996
72455,6425015,2000,BFT,26.2
72458,6425015,2001,BFT,55.314
72461,6425015,2002,BFT,4.6
72464,6425015,2003,BFT,2.3000000000000003
72467,6425015,2004,BFT,5.0
72470,6425015,2005,BFT,36.861999999999995
72473,6425015,2006,BFT,73.3
72476,6425015,2007,BFT,123.7
72479,6425015,2008,BFT,31.102
72482,6425015,2009,BFT,1.978
72485,6425015,2010,BFT,14.326999999999998
72488,6425015,2011,BFT,110.12599999999999
72491,6425015,2012,BFT,92.006
72494,6425015,2013,BFT,138.621
72497,6425015,2014,BFT,66.816
72500,6425015,2015,BFT,120.3785
72505,6425015,2017,BFT,176.73
72510,6425015,2019,BFT,361.803
72513,6425015,2020,BFT,403.22879
72516,6425015,2021,BFT,537.5600000000001
72519,6425015,2022,BFT,484.28325
72522,6425015,2023,BFT,450.63
72533,6425020,1977,BFT,2.3
72565,6425020,2020,BFT,0.255
72569,6425020,2022,BFT,0.7812
72572,6425020,2023,BFT,0.3289
72583,6425025,1976,BFT,4.2
72624,6425030,1976,BFT,0.1
72627,6425030,1977,BFT,4.6
72630,6425030,1978,BFT,1.2
73240,6425070,1976,BFT,2.4
73295,6425075,1976,BFT,0.1
73298,6425075,1977,BFT,4.6
73301,6425075,1978,BFT,2.3
73319,6425085,2010,BFT,2.331
73328,6425085,2019,BFT,0.5
73336,6425090,2003,BFT,0.52
73340,6425090,2005,BFT,0.642
73342,6425090,2006,BFT,5.7
73345,6425090,2008,BFT,1.175
73347,6425090,2009,BFT,0.22
73351,6425090,2011,BFT,4.278
73354,6425090,2012,BFT,14.109
73357,6425090,2013,BFT,4.969
73360,6425090,2014,BFT,34.11
73363,6425090,2015,BFT,5.355
73366,6425090,2016,BFT,21.592
73369,6425090,2017,BFT,19.137
73372,6425090,2018,BFT,37.828
73375,6425090,2019,BFT,31.276
73378,6425090,2020,BFT,9.15
73381,6425090,2021,BFT,34.586
73384,6425090,2022,BFT,0.22
73387,6425090,2023,BFT,17.75
73395,6425095,2008,BFT,0.8
73397,6425095,2009,BFT,0.45
73401,6425095,2012,BFT,19.487000000000002
73403,6425095,2013,BFT,6.163
73405,6425095,2014,BFT,1.455
73407,6425095,2015,BFT,6.7540000000000004
73409,6425095,2016,BFT,2.492
73411,6425095,2017,BFT,0.25
73413,6425095,2018,BFT,20.59
73415,6425095,2019,BFT,0.64
73417,6425095,2020,BFT,7.519
73419,6425095,2021,BFT,1.5830000000000002
73421,6425095,2022,BFT,10.44
73423,6425095,2023,BFT,0.491
73488,6425110,1965,PBF,1616.5
73490,6425110,1966,PBF,4870.2
73492,6425110,1967,PBF,4616.3
73494,6425110,1968,PBF,324.5
73496,6425110,1969,PBF,2438.1000000000004
73498,6425110,1970,PBF,2675.0699999999997
73500,6425110,1971,PBF,983.1
73502,6425110,1972,PBF,3841.8199999999997
73504,6425110,1973,PBF,2535.33
73506,6425110,1974,PBF,2484.4
73508,6425110,1975,PBF,3360.6
73511,6425110,1976,PBF,2081.2
73513,6425110,1977,PBF,2122.1
73515,6425110,1978,PBF,692.1
73517,6425110,1979,PBF,1914.2100000000003
73519,6425110,1980,PBF,1652.22
73522,6425110,1981,PBF,73.5
73529,6425110,1985,PBF,1398.2
73532,6425110,1986,PBF,211.04000000000002
73535,6425110,1987,PBF,44.86
73537,6425110,1988,PBF,316.42
73541,6425110,1991,PBF,100.0
73548,6425110,1997,PBF,2.0
73551,6425110,1999,PBF,1550.5400000000002
73553,6425110,2000,PBF,217.0
73555,6425110,2001,PBF,276.0
73558,6425110,2003,PBF,458.0
73560,6425110,2004,PBF,2910.0
73562,6425110,2005,PBF,1984.0
73564,6425110,2006,PBF,2027.0
73567,6425110,2008,PBF,71.0
73596,6425115,1965,PBF,3007.71
73598,6425115,1966,PBF,3200.87
73600,6425115,1967,PBF,418.3
73602,6425115,1968,PBF,1639.1000000000001
73604,6425115,1969,PBF,278.59999999999997
73606,6425115,1970,PBF,1037.55
73608,6425115,1971,PBF,1804.3300000000002
73610,6425115,1972,PBF,3050.85
73612,6425115,1973,PBF,2492.2
73614,6425115,1974,PBF,285.1
73616,6425115,1975,PBF,2082.6
73619,6425115,1976,PBF,4046.01
73621,6425115,1977,PBF,125.3
73624,6425115,1978,PBF,1023.72
73627,6425115,1979,PBF,940.66
73629,6425115,1980,PBF,23.6
73632,6425115,1981,PBF,308.4
73635,6425115,1982,PBF,1083.51
73638,6425115,1983,PBF,156.3
73641,6425115,1984,PBF,340.09999999999997
73644,6425115,1985,PBF,162.0
73646,6425115,1986,PBF,975.5
73648,6425115,1987,PBF,92.88999999999999
73651,6425115,1988,PBF,219.75
73654,6425115,1990,PBF,218.42
73656,6425115,1991,PBF,7.0
73660,6425115,1994,PBF,51.72
73662,6425115,1995,PBF,30.2
73664,6425115,1996,PBF,592.4
73666,6425115,1997,PBF,10.0
73669,6425115,1999,PBF,196.41
73672,6425115,2000,PBF,883.0
73674,6425115,2001,PBF,59.0
73676,6425115,2002,PBF,1120.0
73677,6425115,2003,PBF,1970.0
73679,6425115,2004,PBF,3632.0
73681,6425115,2005,PBF,611.0
73683,6425115,2006,PBF,339.0
73685,6425115,2007,PBF,685.0
73687,6425115,2008,PBF,1372.0
73689,6425115,2009,PBF,365.0
73690,6425115,2010,PBF,5367.0
73692,6425115,2011,PBF,703.0
73693,6425115,2012,PBF,3975.0
73696,6425115,2013,PBF,3154.0
73699,6425115,2014,PBF,2475.0
73705,6425115,2018,PBF,257.0
73706,6425115,2019,PBF,970.0
73708,6425115,2020,PBF,3266.0
73709,6425115,2021,PBF,2676.0
73711,6425115,2022,PBF,3122.0
73712,6425115,2023,PBF,2321.0
74451,6430005,1972,BFT,530.0
74452,6430005,1973,BFT,511.7
74453,6430005,1974,BFT,587.4
74454,6430005,1975,BFT,2624.2000000000003
74456,6430005,1976,BFT,327.4
74459,6430005,1977,BFT,583.3
74462,6430005,1978,BFT,28.299999999999997
74463,6430005,1979,BFT,200.3
74464,6430005,1980,BFT,63.4
74471,6430005,2002,BFT,4.439
74472,6430005,2006,BFT,0.146
74473,6430005,2007,BFT,2416.99925
74474,6430005,2008,BFT,1947.001
74475,6430005,2009,BFT,1908.69
74476,6430005,2010,BFT,1346.355
74477,6430005,2011,BFT,1056.763
74478,6430005,2012,BFT,989.907
74480,6430005,2013,BFT,960.4699999999999
74482,6430005,2014,BFT,959.46
74483,6430005,2015,BFT,1084.03
74484,6430005,2016,BFT,1320.96
74485,6430005,2017,BFT,1624.461
74486,6430005,2018,BFT,1740.0
74487,6430005,2019,BFT,239.757
74508,6430010,1997,BFT,18.731
74510,6430010,1998,BFT,40.436
74513,6430010,1999,BFT,57.359
74515,6430010,2001,BFT,75.91
74516,6430010,2002,BFT,29.215
74518,6430010,2006,BFT,0.385
74528,6430010,2020,BFT,31.907179999999997
74531,6430010,2021,BFT,0.38266
74534,6430010,2022,BFT,1.7685899999999999
74539,6430015,1974,BFT,0.5
74542,6430015,1976,BFT,14.9
74545,6430015,1977,BFT,8.4
74547,6430015,1978,BFT,37.2
74549,6430015,1979,BFT,23.2
74552,6430015,1980,BFT,6.0
74555,6430015,1981,BFT,0.7
74558,6430015,1982,BFT,0.1
74561,6430015,1983,BFT,47.3
74564,6430015,1984,BFT,1.2
74567,6430015,1985,BFT,0.8
74570,6430015,1986,BFT,1.1
74573,6430015,1987,BFT,2.9
74576,6430015,1988,BFT,29.4
74579,6430015,1989,BFT,2.6
74582,6430015,1990,BFT,12.3
74585,6430015,1991,BFT,5.4
74588,6430015,1992,BFT,4.4
74591,6430015,1993,BFT,1.9000000000000001
74594,6430015,1994,BFT,219.5
74597,6430015,1995,BFT,11.9
74600,6430015,1996,BFT,60.0
74603,6430015,1997,BFT,340.1
74606,6430015,1998,BFT,164.9
74609,6430015,1999,BFT,30.111
74612,6430015,2000,BFT,1.0999999999999999
74615,6430015,2001,BFT,7.231
74618,6430015,2002,BFT,8.729000000000001
74621,6430015,2003,BFT,1.378
74624,6430015,2004,BFT,7.415
74627,6430015,2005,BFT,59.5539
74630,6430015,2006,BFT,40.141999999999996
74651,6430015,2016,BFT,7.2223
74654,6430015,2017,BFT,14.64709
74657,6430015,2018,BFT,10.17805
74660,6430015,2019,BFT,35.996219999999994
74663,6430015,2020,BFT,113.11921000000001
74666,6430015,2021,BFT,99.19928
74669,6430015,2022,BFT,104.72457
74672,6430015,2023,BFT,94.02521
74700,6430020,1997,BFT,99.838
74703,6430020,1998,BFT,53.795
74706,6430020,1999,BFT,163.849
74708,6430020,2000,BFT,58.683
74711,6430020,2001,BFT,22.826
74713,6430020,2002,BFT,108.125
74716,6430020,2005,BFT,2.483
74731,6430020,2022,BFT,2.31499
74734,6430020,2023,BFT,4.8022
74765,6430025,1997,BFT,17.566
74767,6430025,1998,BFT,2.326
74769,6430025,1999,BFT,34.286
74772,6430025,2006,BFT,2.64
74783,6430025,2022,BFT,2.2404599999999997
74786,6430025,2023,BFT,0.1259
74797,6430030,1976,BFT,0.6
74800,6430030,1977,BFT,0.1
74815,6430030,1984,BFT,1.2
74875,6430035,1976,BFT,1.2
74884,6430035,1980,BFT,1.2
74899,6430035,1987,BFT,1.2
74964,6430040,1976,BFT,2.9
75050,6430045,1977,BFT,2.1
75053,6430045,1978,BFT,1.2
75058,6430045,1980,BFT,1.2
75150,6430050,1977,BFT,1.3
75163,6430050,1983,BFT,1.2
75246,6430055,1976,BFT,2.3
75251,6430055,1978,BFT,2.4
75346,6430060,1976,BFT,3.8
75349,6430060,1977,BFT,3.1000000000000005
75362,6430060,1983,BFT,1.2
75373,6430060,1994,BFT,3.8
75380,6430060,1998,BFT,2.0
75423,6430060,2020,BFT,0.666
75446,6430065,1976,BFT,3.2
75453,6430065,1979,BFT,2.4
75497,6430065,2011,BFT,0.255
75516,6430065,2020,BFT,0.078
75519,6430065,2021,BFT,0.254
75524,6430065,2023,BFT,0.552
75535,6430070,1976,BFT,1.2000000000000002
75538,6430070,1977,BFT,1.6
75629,6430115,1965,PBF,1442.0
75631,6430115,1966,PBF,2535.48
75633,6430115,1967,PBF,437.1
75635,6430115,1968,PBF,2673.1000000000004
75637,6430115,1969,PBF,2475.52
75639,6430115,1970,PBF,218.30999999999997
75641,6430115,1971,PBF,1794.85
75643,6430115,1972,PBF,6439.2
75645,6430115,1973,PBF,2822.2
75647,6430115,1974,PBF,1207.5
75649,6430115,1975,PBF,453.5
75651,6430115,1976,PBF,3100.8399999999997
75653,6430115,1977,PBF,2558.8199999999997
75655,6430115,1978,PBF,2516.39
75658,6430115,1979,PBF,1920.07
75660,6430115,1980,PBF,730.2
75663,6430115,1981,PBF,390.95
75666,6430115,1982,PBF,1332.24
75669,6430115,1983,PBF,480.4
75672,6430115,1984,PBF,442.6
75675,6430115,1985,PBF,2387.77
75678,6430115,1986,PBF,3568.97
75681,6430115,1987,PBF,697.22
75684,6430115,1988,PBF,508.93
75686,6430115,1989,PBF,1041.2
75688,6430115,1990,PBF,1198.92
75689,6430115,1991,PBF,283.01
75691,6430115,1992,PBF,1334.6
75693,6430115,1993,PBF,351.15999999999997
75695,6430115,1994,PBF,493.84
75697,6430115,1995,PBF,511.7
75700,6430115,1996,PBF,4631.09
75702,6430115,1997,PBF,1548.69
75705,6430115,1998,PBF,553.94
75707,6430115,1999,PBF,29.02
75708,6430115,2000,PBF,2463.0
75710,6430115,2001,PBF,491.0
75712,6430115,2002,PBF,302.0
75713,6430115,2003,PBF,836.0
75714,6430115,2004,PBF,1942.0
75717,6430115,2005,PBF,1649.24
75719,6430115,2006,PBF,5298.0
75721,6430115,2007,PBF,3515.34
75723,6430115,2008,PBF,1987.0
75725,6430115,2009,PBF,2998.95
75727,6430115,2010,PBF,2327.0
75728,6430115,2011,PBF,2028.0
75729,6430115,2012,PBF,2677.0
75733,6430115,2014,PBF,2393.0
75736,6430115,2015,PBF,3082.0
75738,6430115,2016,PBF,2904.0
75740,6430115,2017,PBF,3643.0
75742,6430115,2018,PBF,2584.0
75744,6430115,2019,PBF,1279.0
75747,6430115,2021,PBF,351.39
75749,6430115,2022,PBF,229.95
75751,6430115,2023,PBF,1081.17
75754,6430120,1970,PBF,2.7
75758,6430120,1986,PBF,48.8
75759,6430120,1987,PBF,38.0
75760,6430120,1988,PBF,88.3
75761,6430120,1989,PBF,11.7
76650,6435000,1974,BFT,2.2
76651,6435000,1975,BFT,0.1
76653,6435000,1977,BFT,5.5
76655,6435000,1979,BFT,2.2
76656,6435000,1986,BFT,374.2
76657,6435000,1987,BFT,177.2
76658,6435000,1989,BFT,396.6
76659,6435000,1990,BFT,1267.0
76661,6435000,1991,BFT,1254.9
76662,6435000,1992,BFT,517.0
76663,6435000,1993,BFT,277.7
76664,6435000,1994,BFT,233.7
76665,6435000,1995,BFT,328.5
76667,6435000,1996,BFT,491.59999999999997
76669,6435000,1997,BFT,575.053
76670,6435000,1998,BFT,1740.6999999999998
76671,6435000,1999,BFT,2190.4
76672,6435000,2000,BFT,407.877
76673,6435000,2001,BFT,1945.998
76674,6435000,2002,BFT,131.615
76675,6435000,2003,BFT,1937.189
76677,6435000,2004,BFT,1883.303
76678,6435000,2005,BFT,24.512999999999998
76680,6435000,2006,BFT,53.01199999999999
76682,6435000,2007,BFT,112.761
76683,6435000,2008,BFT,193.27200000000002
76684,6435000,2009,BFT,13.803
76685,6435000,2010,BFT,38.077
76686,6435000,2011,BFT,93.28200000000001
76687,6435000,2012,BFT,4.151
76688,6435000,2013,BFT,88.217
76689,6435000,2014,BFT,1182.8719999999998
76690,6435000,2015,BFT,1290.54863
76691,6435000,2016,BFT,428.132
76692,6435000,2017,BFT,106.12759
76693,6435000,2018,BFT,96.53399999999999
76694,6435000,2019,BFT,314.4501
76695,6435000,2020,BFT,2974.39083
76696,6435000,2021,BFT,1444.42676
76697,6435000,2022,BFT,399.24928
76698,6435000,2023,BFT,480.25005
76699,6435005,1972,BFT,177.6
76700,6435005,1973,BFT,2.1
76701,6435005,1974,BFT,2.9
76702,6435005,1975,BFT,39.5
76703,6435005,1976,BFT,4.5
76704,6435005,1977,BFT,5.8
76706,6435005,1978,BFT,4.7
76707,6435005,1979,BFT,5.0
76708,6435005,1980,BFT,5.1
76709,6435005,1986,BFT,890.6999999999999
76711,6435005,1987,BFT,87.5
76714,6435005,1988,BFT,16.0
76717,6435005,1989,BFT,0.1
76720,6435005,1990,BFT,1924.6999999999998
76723,6435005,1991,BFT,1058.5
76726,6435005,1992,BFT,1307.7
76729,6435005,1993,BFT,1268.334
76732,6435005,1994,BFT,2006.1
76735,6435005,1995,BFT,1230.5
76738,6435005,1996,BFT,1285.1
76740,6435005,1997,BFT,3094.3089999999997
76742,6435005,1998,BFT,1616.6000000000001
76744,6435005,1999,BFT,2948.995
76747,6435005,2000,BFT,3642.929
76749,6435005,2001,BFT,3643.4390000000003
76751,6435005,2002,BFT,2119.543
76754,6435005,2003,BFT,27.07713
76757,6435005,2004,BFT,0.1
76760,6435005,2005,BFT,1011.60602
76763,6435005,2006,BFT,252.89600000000002
76766,6435005,2007,BFT,1577.151
76769,6435005,2008,BFT,1485.6259999999997
76772,6435005,2009,BFT,1477.1773699999999
76775,6435005,2010,BFT,1063.1238
76778,6435005,2011,BFT,1140.9724999999999
76781,6435005,2012,BFT,2215.5280000000002
76783,6435005,2013,BFT,1649.7640000000001
76786,6435005,2014,BFT,1458.316
76788,6435005,2015,BFT,1890.33756
76790,6435005,2016,BFT,1589.32098
76793,6435005,2017,BFT,2021.02379
76796,6435005,2018,BFT,2567.16567
76798,6435005,2019,BFT,4749.84188
76801,6435005,2020,BFT,6250.445159999999
76804,6435005,2021,BFT,5623.67339
76807,6435005,2022,BFT,5875.93571
76810,6435005,2023,BFT,5946.69956
76827,6435010,1994,BFT,167.0
76831,6435010,1997,BFT,38.57600000000001
76833,6435010,1998,BFT,81.017
76835,6435010,1999,BFT,39.877
76837,6435010,2000,BFT,11.45
76839,6435010,2001,BFT,8.372
76840,6435010,2002,BFT,0.81
76844,6435010,2005,BFT,1.4500000000000002
76847,6435010,2006,BFT,1.154
76850,6435010,2007,BFT,2.292
76853,6435010,2008,BFT,0.031
76862,6435010,2012,BFT,7.6659999999999995
76870,6435010,2016,BFT,0.299
76872,6435010,2017,BFT,0.633
76875,6435010,2018,BFT,28.60519
76878,6435010,2019,BFT,56.28677
76881,6435010,2020,BFT,35.445049999999995
76884,6435010,2021,BFT,100.82101
76887,6435010,2022,BFT,42.64951
76890,6435010,2023,BFT,73.50504000000001
76893,6435015,1977,BFT,4.6
76908,6435015,1997,BFT,45.271
76910,6435015,1998,BFT,170.228
76912,6435015,1999,BFT,70.851
76914,6435015,2000,BFT,35.528
76916,6435015,2001,BFT,14.633000000000001
76918,6435015,2002,BFT,6.4
76922,6435015,2004,BFT,0.37
76924,6435015,2005,BFT,5.125
76927,6435015,2006,BFT,3.187
76930,6435015,2008,BFT,0.8
76933,6435015,2009,BFT,0.14
76946,6435015,2016,BFT,1.699
76948,6435015,2017,BFT,47.40353
76951,6435015,2018,BFT,0.956
76953,6435015,2019,BFT,17.51344
76955,6435015,2020,BFT,6.49472
76957,6435015,2021,BFT,8.363
76960,6435015,2022,BFT,6.30962
76963,6435015,2023,BFT,14.6858
76977,6435020,1974,BFT,63.1
76979,6435020,1975,BFT,79.3
76982,6435020,1976,BFT,6.3
76985,6435020,1977,BFT,3.7
76987,6435020,1978,BFT,12.399999999999999
76989,6435020,1979,BFT,8.0
76991,6435020,1980,BFT,15.0
77007,6435020,1997,BFT,33.563
77010,6435020,1998,BFT,58.418
77012,6435020,1999,BFT,28.101
77014,6435020,2000,BFT,38.694
77016,6435020,2001,BFT,16.611
77018,6435020,2007,BFT,2.48
77033,6435020,2017,BFT,0.60075
77035,6435020,2018,BFT,0.2618
77037,6435020,2019,BFT,0.15694
77040,6435020,2020,BFT,0.39932999999999996
77043,6435020,2021,BFT,2.135
77046,6435020,2022,BFT,0.8496300000000001
77049,6435020,2023,BFT,1.1589
77054,6435025,1977,BFT,3.9
77058,6435025,1982,BFT,6.0
77061,6435025,1983,BFT,5.6
77064,6435025,1984,BFT,14.3
77067,6435025,1985,BFT,3.3
77070,6435025,1986,BFT,151.5
77081,6435025,1995,BFT,21.799999999999997
77083,6435025,1996,BFT,20.1
77085,6435025,1997,BFT,107.4
77088,6435025,1998,BFT,86.5
77090,6435025,1999,BFT,1.5
77093,6435025,2000,BFT,0.9
77096,6435025,2001,BFT,0.06999999999999999
77098,6435025,2002,BFT,28.549
77101,6435025,2003,BFT,0.086
77104,6435025,2004,BFT,0.376
77107,6435025,2005,BFT,0.162
77109,6435025,2006,BFT,0.215
77112,6435025,2007,BFT,1.09
77119,6435025,2010,BFT,0.224
77132,6435025,2016,BFT,1.4285
77137,6435025,2018,BFT,0.644
77140,6435025,2019,BFT,0.66
77142,6435025,2020,BFT,26.689890000000002
77145,6435025,2021,BFT,5.6819999999999995
77148,6435025,2022,BFT,9.687000000000001
77151,6435025,2023,BFT,6.1441
77162,6435030,1976,BFT,0.4
77200,6435030,2008,BFT,0.1
77203,6435030,2009,BFT,3.115
77220,6435030,2020,BFT,0.43810000000000004
77224,6435030,2023,BFT,0.3402
77241,6435035,1976,BFT,0.8999999999999999
77244,6435035,1977,BFT,6.4
77251,6435035,1980,BFT,1.2
77256,6435035,1982,BFT,2.4
77313,6435035,2022,BFT,1.2428
77315,6435035,2023,BFT,0.5044
77331,6435040,1976,BFT,6.5
77334,6435040,1977,BFT,7.0
77367,6435040,1996,BFT,7.2
77407,6435045,1977,BFT,1.2
77457,6435050,1977,BFT,1.5
77460,6435050,1978,BFT,3.5
77510,6435055,1977,BFT,1.2
77529,6435055,1986,BFT,2.4
77576,6435060,1977,BFT,6.9
77698,6435070,1965,BFT,1593.9235199999998
77699,6435070,1966,BFT,171.4579
77700,6435070,1967,BFT,961.6157799999999
77701,6435070,1968,BFT,53.5239
77702,6435070,1969,BFT,224.98181
77703,6435070,1970,BFT,1418.83687
77704,6435070,1971,BFT,891.7625599999999
77705,6435070,1972,BFT,1049.85979
77706,6435070,1973,BFT,1706.77427
77708,6435070,1974,BFT,23.0
77710,6435070,1975,BFT,377.38883
77712,6435070,1976,BFT,440.86216
77716,6435070,1978,BFT,152.0
77719,6435070,1979,BFT,1058.0
77736,6435075,1977,BFT,180.0
77738,6435075,1978,BFT,89.0
77742,6435120,1997,PBF,36.28
77743,6435120,1999,PBF,20.85
77744,6435120,2000,PBF,61.21
78130,6440000,1978,BFT,139.0
78131,6440000,1982,BFT,734.2
78132,6440000,1988,BFT,2081.0
78133,6440000,1989,BFT,2111.0
78134,6440000,1990,BFT,1493.0
78135,6440000,1991,BFT,1141.0
78136,6440000,1992,BFT,739.0
78137,6440000,1993,BFT,3540.0
78138,6440000,1994,BFT,1294.0
78139,6440000,1995,BFT,2772.0
78140,6440000,1996,BFT,4711.0
78141,6440000,1997,BFT,2742.0
78142,6440000,2007,BFT,426.98424
78144,6440000,2008,BFT,54.463699999999996
78147,6440000,2009,BFT,209.5258
78148,6440000,2010,BFT,206.7219
78150,6440000,2011,BFT,90.77674
78151,6440000,2012,BFT,100.03425
78152,6440000,2013,BFT,77.80099999999999
78153,6440000,2014,BFT,84.66799999999999
78155,6440000,2016,BFT,203.272
78157,6440000,2017,BFT,131.804
78159,6440000,2018,BFT,129.26
78161,6440000,2019,BFT,200.87373
78162,6440000,2020,BFT,244.983
78164,6440000,2021,BFT,353.73708
78167,6440000,2022,BFT,306.3155
78170,6440000,2023,BFT,335.29365
78173,6440005,1977,BFT,11.6
78182,6440005,1999,BFT,1225.8999999999999
78183,6440005,2000,BFT,1200.415
78184,6440005,2008,BFT,0.09251
78186,6440005,2009,BFT,5.36454
78187,6440005,2011,BFT,0.09115
78189,6440005,2012,BFT,3.6054399999999998
78195,6440005,2016,BFT,19.362
78198,6440005,2017,BFT,117.613
78200,6440005,2018,BFT,7.65277
78202,6440005,2019,BFT,86.01619
78205,6440005,2020,BFT,55.72419
78207,6440005,2021,BFT,42.56845
78209,6440005,2022,BFT,57.329
78211,6440005,2023,BFT,41.037
78221,6440010,2005,BFT,1.125
78223,6440010,2008,BFT,9.0
78225,6440010,2010,BFT,0.3118
78233,6440010,2016,BFT,6.714
78235,6440010,2017,BFT,0.165
78237,6440010,2018,BFT,29.71441
78239,6440010,2019,BFT,57.34228
78242,6440010,2020,BFT,1.147
78245,6440010,2021,BFT,0.173
78248,6440010,2022,BFT,1.29959
78251,6440010,2023,BFT,7.8759999999999994
78262,6440015,2006,BFT,4.69063
78275,6440015,2016,BFT,1.68885
78279,6440015,2019,BFT,1.67152
78281,6440015,2020,BFT,0.395
78283,6440015,2021,BFT,2.6180899999999996
78286,6440015,2022,BFT,1.6624
78289,6440015,2023,BFT,6.14683
78305,6440020,1999,BFT,9.9
78307,6440020,2006,BFT,15.59174
78309,6440020,2007,BFT,24.469
78312,6440020,2008,BFT,1.415
78315,6440020,2009,BFT,1.489
78329,6440020,2019,BFT,6.34305
78331,6440020,2020,BFT,1.3432400000000002
78333,6440020,2021,BFT,3.0252
78336,6440020,2022,BFT,1.19673
78338,6440020,2023,BFT,2.83421
78341,6440025,1977,BFT,3.9
78349,6440025,1999,BFT,11.2
78359,6440025,2017,BFT,0.47257
78362,6440025,2019,BFT,3.4847400000000004
78365,6440025,2021,BFT,1.20027
78368,6440025,2023,BFT,0.95956
78389,6440030,1999,BFT,12.5
78403,6440030,2023,BFT,0.39723
78409,6440035,1977,BFT,1.2
78438,6440035,1999,BFT,5.8
78460,6440035,2022,BFT,0.09
78469,6440040,1976,BFT,0.6
78517,6440040,2014,BFT,0.207
78519,6440040,2019,BFT,0.1095
78524,6440040,2023,BFT,0.8364400000000001
78537,6440045,1990,BFT,0.6
78538,6440045,1991,BFT,58.1
78539,6440045,1992,BFT,42.800000000000004
78541,6440045,1993,BFT,10.6
78545,6440045,1997,BFT,0.1
78549,6440045,1999,BFT,0.2
78553,6440045,2001,BFT,0.7230000000000001
78556,6440045,2002,BFT,3.2279999999999998
78560,6440045,2004,BFT,2.31264
78563,6440045,2005,BFT,0.399
78566,6440045,2006,BFT,1.113
78568,6440045,2007,BFT,1.137
78570,6440045,2009,BFT,0.651
78583,6440050,1976,BFT,1.2
78594,6440050,1989,BFT,93.6
78596,6440050,1990,BFT,3.9000000000000004
78597,6440050,1991,BFT,22.3
78599,6440050,1992,BFT,3.8
78602,6440050,1993,BFT,6.7
78605,6440050,1994,BFT,1.7000000000000002
78608,6440050,1995,BFT,5.0
78611,6440050,1996,BFT,91.7
78614,6440050,1997,BFT,21.4
78617,6440050,1998,BFT,20.2
78620,6440050,1999,BFT,9.0
78623,6440050,2000,BFT,62.327999999999996
78626,6440050,2001,BFT,21.658
78628,6440050,2002,BFT,61.458999999999996
78631,6440050,2003,BFT,33.2262
78634,6440050,2004,BFT,2.14474
78637,6440050,2005,BFT,30.232999999999997
78640,6440050,2006,BFT,2.473
78643,6440050,2007,BFT,11.914
78646,6440050,2008,BFT,1.8639999999999999
78648,6440050,2009,BFT,15.035
78651,6440050,2010,BFT,1.649
78654,6440050,2011,BFT,16.216
78657,6440050,2012,BFT,22.618
78660,6440050,2013,BFT,0.475
78663,6440050,2014,BFT,2.8659999999999997
78665,6440050,2015,BFT,1.50537
78667,6440050,2016,BFT,3.55078
78671,6440050,2019,BFT,3.71553
78673,6440050,2020,BFT,0.74354
78681,6440055,1977,BFT,2.1
78689,6440055,1990,BFT,6.0
78690,6440055,1992,BFT,1.6
78693,6440055,1993,BFT,1.6
78696,6440055,1994,BFT,1.2
78701,6440055,1996,BFT,0.8
78710,6440055,2001,BFT,0.284
78712,6440055,2003,BFT,0.16043
78715,6440055,2004,BFT,0.20639
78717,6440055,2005,BFT,4.632
78722,6440055,2007,BFT,2.329
78725,6440055,2008,BFT,3.696
78728,6440055,2009,BFT,7.781000000000001
78731,6440055,2010,BFT,1.296
78734,6440055,2011,BFT,7.779
78737,6440055,2012,BFT,1.53
78740,6440055,2013,BFT,16.858
78743,6440055,2014,BFT,12.904
78746,6440055,2015,BFT,26.59668
78749,6440055,2016,BFT,29.704720000000002
78752,6440055,2017,BFT,0.392
78757,6440055,2019,BFT,27.32865
78760,6440055,2020,BFT,37.00856
78763,6440055,2021,BFT,0.65035
78766,6440055,2022,BFT,0.26649
78769,6440055,2023,BFT,0.24154
78771,6440060,1975,BFT,144.0
78772,6440060,1976,BFT,166.0
78774,6440060,1977,BFT,368.0
78776,6440060,1978,BFT,221.0
78779,6440060,1979,BFT,30.0
78783,6440060,1990,BFT,202.00000000000003
78784,6440060,1991,BFT,300.6
78786,6440060,1992,BFT,284.7
78789,6440060,1993,BFT,85.0
78792,6440060,1994,BFT,274.29999999999995
78795,6440060,1995,BFT,336.8
78798,6440060,1996,BFT,335.3
78801,6440060,1997,BFT,305.8
78804,6440060,1998,BFT,402.9
78807,6440060,1999,BFT,160.6
78810,6440060,2000,BFT,210.373
78813,6440060,2001,BFT,315.516
78816,6440060,2002,BFT,319.598
78819,6440060,2003,BFT,322.19049
78822,6440060,2004,BFT,285.82767
78825,6440060,2005,BFT,271.815
78828,6440060,2006,BFT,342.118
78831,6440060,2007,BFT,225.603
78834,6440060,2008,BFT,239.633
78837,6440060,2009,BFT,191.08
78840,6440060,2010,BFT,169.582
78843,6440060,2011,BFT,207.408
78846,6440060,2012,BFT,169.067
78849,6440060,2013,BFT,194.01500000000001
78852,6440060,2014,BFT,111.056
78855,6440060,2015,BFT,97.02777999999999
78858,6440060,2016,BFT,114.44107
78861,6440060,2017,BFT,77.56924000000001
78864,6440060,2018,BFT,68.44659999999999
78867,6440060,2019,BFT,194.88761
78870,6440060,2020,BFT,117.19181999999999
78873,6440060,2021,BFT,72.20947
78876,6440060,2022,BFT,56.192040000000006
78879,6440060,2023,BFT,296.80262
78883,6440065,1965,BFT,9.07185
78884,6440065,1967,BFT,7.25748
78885,6440065,1969,BFT,92.53284
78886,6440065,1971,BFT,118.8412
78887,6440065,1975,BFT,3.0
78889,6440065,1978,BFT,1.0
78891,6440065,1990,BFT,96.5
78893,6440065,1992,BFT,10.5
78896,6440065,1993,BFT,230.89999999999998
78899,6440065,1994,BFT,42.6
78902,6440065,1995,BFT,49.6
78905,6440065,1996,BFT,37.7
78908,6440065,1997,BFT,64.2
78911,6440065,1998,BFT,40.7
78914,6440065,1999,BFT,0.30000000000000004
78917,6440065,2000,BFT,1.358
78920,6440065,2001,BFT,4.5120000000000005
78923,6440065,2002,BFT,4.47
78926,6440065,2003,BFT,1.88018
78929,6440065,2004,BFT,5.43919
78932,6440065,2005,BFT,39.826
78935,6440065,2006,BFT,16.643
78938,6440065,2007,BFT,30.225
78941,6440065,2008,BFT,59.929
78944,6440065,2009,BFT,42.865
78947,6440065,2010,BFT,30.408
78950,6440065,2011,BFT,19.567
78953,6440065,2012,BFT,21.750999999999998
78956,6440065,2013,BFT,12.3
78959,6440065,2014,BFT,42.943
78962,6440065,2015,BFT,63.87152
78965,6440065,2016,BFT,35.31409
78968,6440065,2017,BFT,29.67979
78971,6440065,2018,BFT,44.80688
78974,6440065,2019,BFT,50.01016
78977,6440065,2020,BFT,40.94483
78980,6440065,2021,BFT,47.45939
78983,6440065,2022,BFT,62.97997
78986,6440065,2023,BFT,50.28462
78991,6440070,1965,BFT,972.0484100000001
78992,6440070,1966,BFT,724.84056
78993,6440070,1967,BFT,1142.14552
78994,6440070,1968,BFT,552.47549
78995,6440070,1969,BFT,1191.1335199999999
78996,6440070,1970,BFT,2708.5813700000003
78997,6440070,1971,BFT,2382.26702
78999,6440070,1972,BFT,659.97159
79000,6440070,1973,BFT,452.29602
79001,6440070,1974,BFT,83.62874
79002,6440070,1975,BFT,577.67036
79003,6440070,1977,BFT,118.0
79004,6440070,1979,BFT,367.0
79060,6445000,2007,BFT,49.7157
79061,6445000,2008,BFT,72.05626
79062,6445000,2009,BFT,61.575
79063,6445000,2011,BFT,33.73279
79064,6445000,2012,BFT,12.295499999999999
79065,6445000,2014,BFT,17.117
79067,6445000,2016,BFT,12.695
79069,6445000,2017,BFT,79.336
79070,6445000,2018,BFT,113.055
79072,6445000,2019,BFT,153.16987
79073,6445000,2020,BFT,160.5418
79075,6445000,2021,BFT,119.17960000000001
79078,6445000,2022,BFT,103.5956
79081,6445000,2023,BFT,178.52270000000001
79083,6445005,1977,BFT,3.9
79086,6445005,2007,BFT,0.05
79087,6445005,2008,BFT,6.22055
79088,6445005,2009,BFT,2.432
79089,6445005,2010,BFT,0.572
79090,6445005,2011,BFT,2.6392100000000003
79091,6445005,2012,BFT,10.281580000000002
79092,6445005,2013,BFT,0.313
79094,6445005,2014,BFT,90.732
79096,6445005,2015,BFT,1.11
79098,6445005,2016,BFT,106.241
79100,6445005,2017,BFT,20.914
79101,6445005,2018,BFT,203.27
79103,6445005,2019,BFT,25.699
79104,6445005,2020,BFT,73.14699999999999
79106,6445005,2021,BFT,17.29127
79108,6445005,2022,BFT,27.4891
79110,6445005,2023,BFT,56.797799999999995
79111,6445010,2000,BFT,22.4
79113,6445010,2001,BFT,7.57
79115,6445010,2002,BFT,15.0
79116,6445010,2003,BFT,3.27
79117,6445010,2004,BFT,0.02
79118,6445010,2005,BFT,0.95
79119,6445010,2006,BFT,9.490590000000001
79120,6445010,2007,BFT,0.6738
79122,6445010,2008,BFT,1.28999
79124,6445010,2009,BFT,0.165
79127,6445010,2010,BFT,0.13
79129,6445010,2011,BFT,2.94725
79131,6445010,2012,BFT,21.20774
79132,6445010,2013,BFT,24.823
79133,6445010,2014,BFT,4.699
79134,6445010,2015,BFT,4.64
79136,6445010,2016,BFT,1.6260000000000001
79138,6445010,2017,BFT,2.79
79139,6445010,2018,BFT,4.995
79141,6445010,2019,BFT,6.3870000000000005
79142,6445010,2020,BFT,15.360999999999999
79144,6445010,2021,BFT,24.121
79146,6445010,2022,BFT,37.701
79148,6445010,2023,BFT,2.083
79149,6445015,2002,BFT,39.1
79150,6445015,2006,BFT,1.97863
79151,6445015,2009,BFT,5.797
79152,6445015,2010,BFT,0.466
79153,6445015,2012,BFT,2.2085700000000004
79154,6445015,2013,BFT,1.365
79155,6445015,2014,BFT,3.5250000000000004
79156,6445015,2015,BFT,0.165
79158,6445015,2017,BFT,3.88
79165,6445020,2009,BFT,22.685
79166,6445020,2013,BFT,0.209
79167,6445020,2014,BFT,0.78
79168,6445020,2015,BFT,0.63
79170,6445020,2016,BFT,2.235
79172,6445020,2017,BFT,3.191
79174,6445020,2020,BFT,8.799
79179,6445025,1999,BFT,14.0
79181,6445025,2009,BFT,4.822
79182,6445025,2017,BFT,19.113
79184,6445025,2020,BFT,10.146999999999998
79239,6445045,1990,BFT,119.5
79240,6445045,1991,BFT,31.099999999999998
79241,6445045,1992,BFT,9.1
79243,6445045,1993,BFT,12.8
79244,6445045,1994,BFT,3.0
79245,6445045,1995,BFT,8.8
79247,6445045,1996,BFT,15.899999999999999
79248,6445045,1997,BFT,8.0
79249,6445045,1998,BFT,10.9
79250,6445045,2000,BFT,20.014
79252,6445045,2001,BFT,12.688
79253,6445045,2002,BFT,6.95
79254,6445045,2003,BFT,1.629
79255,6445045,2005,BFT,0.5429999999999999
79259,6445045,2009,BFT,3.328
79260,6445045,2010,BFT,0.968
79262,6445045,2013,BFT,1.647
79264,6445045,2022,BFT,0.24366
79267,6445050,1975,BFT,9.0
79268,6445050,1976,BFT,2.0
79270,6445050,1977,BFT,3.0
79272,6445050,1978,BFT,1.0
79273,6445050,1979,BFT,1.0
79274,6445050,1981,BFT,0.8999999999999999
79276,6445050,1998,BFT,1.2
79280,6445050,2007,BFT,4.428
79282,6445050,2008,BFT,3.11
79283,6445050,2009,BFT,3.3970000000000002
79285,6445050,2010,BFT,8.088000000000001
79287,6445050,2011,BFT,0.434
79289,6445050,2013,BFT,0.318
79291,6445050,2014,BFT,1.94526
79293,6445050,2015,BFT,11.021
79294,6445050,2016,BFT,1.932
79295,6445050,2017,BFT,10.1336
79296,6445050,2018,BFT,14.33905
79297,6445050,2019,BFT,18.235689999999998
79298,6445050,2020,BFT,22.86255
79300,6445050,2021,BFT,33.30909
79302,6445050,2022,BFT,43.268609999999995
79304,6445050,2023,BFT,36.92696
79309,6445055,1995,BFT,0.9
79310,6445055,1996,BFT,7.0
79311,6445055,1997,BFT,3.6
79313,6445055,1998,BFT,4.1000000000000005
79316,6445055,1999,BFT,2.3
79319,6445055,2001,BFT,13.038
79322,6445055,2002,BFT,3.468
79325,6445055,2003,BFT,3.935
79328,6445055,2004,BFT,2.088
79331,6445055,2005,BFT,1.702
79332,6445055,2006,BFT,11.447
79333,6445055,2007,BFT,6.478
79334,6445055,2008,BFT,1.994
79335,6445055,2010,BFT,57.494
79336,6445055,2011,BFT,21.75
79338,6445055,2012,BFT,247.615
79339,6445055,2013,BFT,27.376
79340,6445055,2014,BFT,27.3182
79341,6445055,2015,BFT,28.03077
79342,6445055,2016,BFT,18.4525
79343,6445055,2017,BFT,19.47975
79344,6445055,2018,BFT,8.58043
79346,6445055,2019,BFT,11.29692
79348,6445055,2020,BFT,5.100110000000001
79349,6445055,2021,BFT,1.42953
79350,6445060,1975,BFT,134.0
79351,6445060,1976,BFT,263.0
79352,6445060,1977,BFT,183.0
79353,6445060,1978,BFT,187.0
79354,6445060,1979,BFT,183.0
79355,6445060,1980,BFT,263.0
79356,6445060,1981,BFT,266.0
79359,6445060,1990,BFT,8.9
79360,6445060,1991,BFT,66.3
79361,6445060,1992,BFT,61.0
79362,6445060,1993,BFT,111.10000000000001
79363,6445060,1994,BFT,65.2
79364,6445060,1995,BFT,174.89999999999998
79365,6445060,1996,BFT,109.7
79366,6445060,1997,BFT,101.3
79367,6445060,1998,BFT,115.30000000000001
79368,6445060,1999,BFT,17.4
79369,6445060,2000,BFT,236.35399999999998
79370,6445060,2001,BFT,148.531
79371,6445060,2002,BFT,205.426
79372,6445060,2003,BFT,192.5777
79373,6445060,2004,BFT,238.9069
79374,6445060,2005,BFT,250.59199999999998
79375,6445060,2006,BFT,313.009
79376,6445060,2007,BFT,213.23199999999997
79377,6445060,2008,BFT,263.404
79378,6445060,2009,BFT,269.447
79379,6445060,2010,BFT,214.925
79380,6445060,2011,BFT,201.362
79381,6445060,2012,BFT,10.617
79382,6445060,2013,BFT,227.692
79384,6445060,2014,BFT,263.792
79385,6445060,2015,BFT,311.07792
79386,6445060,2016,BFT,262.71386
79387,6445060,2017,BFT,262.35113
79388,6445060,2018,BFT,285.59017
79390,6445060,2019,BFT,360.16276
79392,6445060,2020,BFT,355.35125999999997
79394,6445060,2021,BFT,366.47580999999997
79396,6445060,2022,BFT,369.94477
79397,6445060,2023,BFT,108.62857
79398,6445065,1975,BFT,60.0
79399,6445065,1976,BFT,83.0
79400,6445065,1977,BFT,121.0
79401,6445065,1978,BFT,20.0
79402,6445065,1979,BFT,30.0
79403,6445065,1980,BFT,37.0
79404,6445065,1981,BFT,10.2
79407,6445065,1999,BFT,38.0
79409,6445065,2000,BFT,17.761
79411,6445065,2010,BFT,29.043
79412,6445065,2014,BFT,0.092
79413,6445065,2015,BFT,0.802
79414,6445065,2017,BFT,0.2852
79416,6445065,2019,BFT,0.21546
79417,6445065,2020,BFT,1.06312
79419,6445065,2021,BFT,0.94632
79420,6445120,1967,PBF,19.1
79421,6445120,1968,PBF,0.9
79425,6450000,2016,BFT,2.526
79427,6450000,2020,BFT,0.42
79428,6450000,2021,BFT,1.0891
79430,6450000,2022,BFT,4.234
79432,6450000,2023,BFT,19.7836
79433,6450005,2014,BFT,2.708
79434,6450005,2015,BFT,3.0214999999999996
79435,6450005,2016,BFT,2.1
79436,6450005,2017,BFT,0.295
79437,6450005,2019,BFT,1.6669999999999998
79438,6450005,2020,BFT,0.085
79439,6450005,2021,BFT,1.2777
79440,6450005,2022,BFT,2.1185
79441,6450005,2023,BFT,11.3074
79442,6450010,2008,BFT,3.1910100000000003
79443,6450010,2010,BFT,0.671
79444,6450010,2011,BFT,8.56009
79445,6450010,2012,BFT,3.738
79446,6450010,2013,BFT,105.541
79447,6450010,2014,BFT,99.79400000000001
79448,6450010,2015,BFT,4.048
79449,6450010,2016,BFT,24.446
79450,6450010,2018,BFT,4.903
79451,6450010,2019,BFT,1.7999999999999998
79452,6450010,2020,BFT,10.31
79456,6450010,2022,BFT,1.056
79457,6450010,2023,BFT,1.055
79458,6450015,1999,BFT,1.7
79459,6450015,2006,BFT,12.3961
79460,6450015,2007,BFT,22.499
79461,6450015,2008,BFT,80.45818
79462,6450015,2009,BFT,0.862
79463,6450015,2010,BFT,10.228
79464,6450015,2011,BFT,0.84935
79465,6450015,2012,BFT,0.24
79466,6450015,2013,BFT,1.2930000000000001
79467,6450015,2014,BFT,7.893000000000001
79468,6450015,2019,BFT,0.22
79470,6450015,2021,BFT,13.87476
79472,6450015,2022,BFT,4.376
79473,6450020,2001,BFT,6.5
79474,6450020,2007,BFT,7.045
79475,6450020,2008,BFT,0.95274
79476,6450020,2009,BFT,8.549
79477,6450020,2010,BFT,11.495
79478,6450020,2011,BFT,14.93848
79479,6450020,2020,BFT,33.4902
79480,6450020,2021,BFT,22.815
79481,6450020,2022,BFT,44.944
79485,6450025,2001,BFT,42.7
79487,6450025,2008,BFT,37.017
79488,6450025,2011,BFT,9.74632
79489,6450025,2012,BFT,35.759
79490,6450025,2013,BFT,9.924
79491,6450025,2014,BFT,32.922
79492,6450025,2015,BFT,45.084
79493,6450025,2016,BFT,27.895
79494,6450025,2017,BFT,42.071
79495,6450025,2018,BFT,78.992
79496,6450025,2019,BFT,88.96
79497,6450025,2020,BFT,27.645000000000003
79499,6450025,2021,BFT,2.907
79501,6450025,2022,BFT,14.837
79503,6450025,2023,BFT,3.598
79505,6450030,2011,BFT,11.24388
79506,6450030,2013,BFT,28.212
79507,6450030,2016,BFT,25.995
79508,6450030,2020,BFT,16.177
79509,6450030,2022,BFT,0.576
79510,6450030,2023,BFT,43.988
79515,6450045,2002,BFT,4.084
79517,6450045,2003,BFT,1.015
79518,6455000,2022,BFT,2.0
79519,6455005,2015,BFT,0.62
79520,6455005,2016,BFT,1.22
79522,6455005,2021,BFT,0.275
79523,6455005,2022,BFT,1.28
79524,6455005,2023,BFT,0.562
79527,6455010,1997,BFT,0.3
79528,6455010,2016,BFT,5.18752
79529,6455010,2018,BFT,0.2
79532,6455015,1999,BFT,5.6
79533,6455015,2001,BFT,19.0
79534,6455015,2007,BFT,18.064999999999998
79535,6455015,2014,BFT,0.57
79536,6455015,2016,BFT,130.99996
79537,6455015,2017,BFT,90.28399999999999
79540,6455015,2022,BFT,20.34872
79541,6455015,2023,BFT,17.775840000000002
79543,6455020,2001,BFT,36.715
79544,6455020,2003,BFT,12.33621
79546,6455020,2004,BFT,41.0
79548,6455020,2005,BFT,23.695
79551,6455020,2016,BFT,5.45316
79552,6455020,2017,BFT,45.316
79553,6455020,2018,BFT,184.86223999999999
79554,6455020,2019,BFT,232.433
79555,6455020,2020,BFT,147.59144000000003
79556,6455020,2021,BFT,37.7406
79557,6455020,2022,BFT,22.14808
79558,6455020,2023,BFT,23.34964
79562,6455025,2000,BFT,79.6
79563,6455025,2010,BFT,16.808
79564,6455025,2016,BFT,1.80032
79565,6455025,2017,BFT,45.59
79566,6455025,2018,BFT,23.10256
79567,6455025,2020,BFT,101.09611999999998
79568,6455025,2021,BFT,190.62744
79569,6455025,2022,BFT,114.93204
79570,6455025,2023,BFT,246.54791999999998
79571,6455030,2020,BFT,3.313
79572,6455030,2022,BFT,3.839
79574,6455030,2023,BFT,54.087999999999994
79579,6460005,1998,BFT,40.1
79580,6460015,1999,BFT,8.700000000000001
79581,6460015,2002,BFT,0.766
79582,6460015,2012,BFT,1.698
79583,6460015,2016,BFT,21.58028
79584,6460020,1998,BFT,1.1
79585,6460020,2002,BFT,0.27
79586,6460020,2011,BFT,2.062
79587,6460020,2012,BFT,0.597
79588,6460020,2022,BFT,11.10352
79589,6460025,2022,BFT,87.06728
79592,6460055,2008,BFT,0.249
79593,6460060,1998,BFT,1.0
